State,County,Year,Population
North Carolina,Tyrrell County,2005,2210
North Carolina,Tyrrell County,2006,2281
North Carolina,Tyrrell County,2007,2353
North Carolina,Tyrrell County,2008,2424
North Carolina,Tyrrell County,2009,2495
North Carolina,Tyrrell County,2010,2567
North Carolina,Tyrrell County,2011,2638
North Carolina,Tyrrell County,2012,2709
North Carolina,Tyrrell County,2013,2780
North Carolina,Tyrrell County,2014,2852
North Carolina,Tyrrell County,2015,2923
North Carolina,Tyrrell County,2016,2994
North Carolina,Tyrrell County,2017,3066
North Carolina,Tyrrell County,2018,3137
North Carolina,Tyrrell County,2019,3208
North Carolina,Tyrrell County,2020,3234
North Carolina,Tyrrell County,2021,3373
North Carolina,Tyrrell County,2022,3469
North Carolina,Tyrrell County,2024,3517
North Carolina,Tyrrell County,2023,3520
North Carolina,Hyde County,2005,4304
North Carolina,Hyde County,2006,4321
North Carolina,Hyde County,2007,4338
North Carolina,Hyde County,2008,4355
North Carolina,Hyde County,2009,4371
North Carolina,Hyde County,2010,4388
North Carolina,Hyde County,2011,4405
North Carolina,Hyde County,2012,4422
North Carolina,Hyde County,2013,4439
North Carolina,Hyde County,2014,4456
North Carolina,Hyde County,2015,4473
North Carolina,Hyde County,2016,4490
North Carolina,Hyde County,2017,4507
North Carolina,Hyde County,2020,4514
North Carolina,Hyde County,2018,4524
North Carolina,Hyde County,2019,4540
North Carolina,Hyde County,2024,4583
North Carolina,Hyde County,2021,4607
North Carolina,Hyde County,2022,4616
North Carolina,Hyde County,2023,4638
North Carolina,Graham County,2005,7476
North Carolina,Graham County,2006,7511
North Carolina,Graham County,2007,7546
North Carolina,Graham County,2008,7581
North Carolina,Graham County,2009,7616
North Carolina,Graham County,2010,7651
North Carolina,Graham County,2011,7686
North Carolina,Graham County,2012,7721
North Carolina,Clay County,2005,7722
North Carolina,Camden County,2005,7756
North Carolina,Graham County,2013,7756
North Carolina,Graham County,2014,7791
North Carolina,Jones County,2005,7821
North Carolina,Graham County,2015,7826
North Carolina,Graham County,2016,7861
North Carolina,Graham County,2017,7896
North Carolina,Jones County,2006,7908
North Carolina,Graham County,2018,7931
North Carolina,Camden County,2006,7942
North Carolina,Clay County,2006,7950
North Carolina,Graham County,2019,7966
North Carolina,Jones County,2007,7995
North Carolina,Graham County,2021,8009
North Carolina,Graham County,2020,8039
North Carolina,Graham County,2022,8052
North Carolina,Graham County,2023,8079
North Carolina,Jones County,2008,8082
North Carolina,Camden County,2007,8129
North Carolina,Jones County,2009,8169
North Carolina,Clay County,2007,8179
North Carolina,Graham County,2024,8179
North Carolina,Jones County,2010,8256
North Carolina,Camden County,2008,8315
North Carolina,Jones County,2011,8343
North Carolina,Clay County,2008,8408
North Carolina,Jones County,2012,8430
North Carolina,Camden County,2009,8502
North Carolina,Jones County,2013,8517
North Carolina,Jones County,2014,8605
North Carolina,Clay County,2009,8636
North Carolina,Camden County,2010,8688
North Carolina,Jones County,2015,8692
North Carolina,Jones County,2016,8779
North Carolina,Clay County,2010,8865
North Carolina,Jones County,2017,8866
North Carolina,Camden County,2011,8875
North Carolina,Jones County,2018,8953
North Carolina,Jones County,2019,9040
North Carolina,Alleghany County,2005,9055
North Carolina,Camden County,2012,9061
North Carolina,Clay County,2011,9094
North Carolina,Jones County,2020,9145
North Carolina,Alleghany County,2006,9180
North Carolina,Jones County,2021,9211
North Carolina,Jones County,2022,9243
North Carolina,Camden County,2013,9248
North Carolina,Alleghany County,2007,9304
North Carolina,Clay County,2012,9323
North Carolina,Alleghany County,2008,9429
North Carolina,Camden County,2014,9434
North Carolina,Jones County,2023,9448
North Carolina,Jones County,2024,9462
North Carolina,Clay County,2013,9551
North Carolina,Alleghany County,2009,9554
North Carolina,Camden County,2015,9621
North Carolina,Alleghany County,2010,9678
North Carolina,Clay County,2014,9780
North Carolina,Alleghany County,2011,9803
North Carolina,Camden County,2016,9807
North Carolina,Alleghany County,2012,9927
North Carolina,Camden County,2017,9994
North Carolina,Clay County,2015,10009
North Carolina,Alleghany County,2013,10052
North Carolina,Alleghany County,2014,10177
North Carolina,Camden County,2018,10180
North Carolina,Clay County,2016,10237
North Carolina,Gates County,2024,10299
North Carolina,Alleghany County,2015,10301
North Carolina,Gates County,2023,10354
North Carolina,Camden County,2019,10367
North Carolina,Gates County,2022,10373
North Carolina,Gates County,2021,10404
North Carolina,Camden County,2020,10407
North Carolina,Alleghany County,2016,10426
North Carolina,Gates County,2020,10450
North Carolina,Clay County,2017,10466
North Carolina,Gates County,2019,10481
North Carolina,Gates County,2018,10516
North Carolina,Alleghany County,2017,10550
North Carolina,Gates County,2017,10552
North Carolina,Gates County,2016,10587
North Carolina,Gates County,2015,10622
North Carolina,Washington County,2024,10654
North Carolina,Gates County,2014,10657
North Carolina,Alleghany County,2018,10675
North Carolina,Gates County,2013,10692
North Carolina,Clay County,2018,10695
North Carolina,Gates County,2012,10728
North Carolina,Washington County,2023,10739
North Carolina,Gates County,2011,10763
North Carolina,Gates County,2010,10798
North Carolina,Washington County,2022,10798
North Carolina,Alleghany County,2019,10800
North Carolina,Camden County,2021,10821
North Carolina,Gates County,2009,10833
North Carolina,Gates County,2008,10868
North Carolina,Washington County,2021,10888
North Carolina,Alleghany County,2020,10889
North Carolina,Gates County,2007,10904
North Carolina,Clay County,2019,10923
North Carolina,Gates County,2006,10939
North Carolina,Gates County,2005,10974
North Carolina,Washington County,2020,10981
North Carolina,Washington County,2019,11052
North Carolina,Alleghany County,2021,11074
North Carolina,Camden County,2022,11089
North Carolina,Camden County,2023,11132
North Carolina,Washington County,2018,11133
North Carolina,Clay County,2020,11145
North Carolina,Camden County,2024,11184
North Carolina,Alleghany County,2022,11187
North Carolina,Washington County,2017,11213
North Carolina,Washington County,2016,11293
North Carolina,Alleghany County,2023,11340
North Carolina,Perquimans County,2005,11344
North Carolina,Washington County,2015,11374
North Carolina,Alleghany County,2024,11379
North Carolina,Clay County,2021,11380
North Carolina,Pamlico County,2005,11439
North Carolina,Washington County,2014,11454
North Carolina,Perquimans County,2006,11456
North Carolina,Pamlico County,2006,11495
North Carolina,Washington County,2013,11534
North Carolina,Pamlico County,2007,11551
North Carolina,Perquimans County,2007,11568
North Carolina,Pamlico County,2008,11607
North Carolina,Clay County,2022,11610
North Carolina,Washington County,2012,11615
North Carolina,Pamlico County,2009,11662
North Carolina,Perquimans County,2008,11679
North Carolina,Washington County,2011,11695
North Carolina,Pamlico County,2010,11718
North Carolina,Pamlico County,2011,11774
North Carolina,Washington County,2010,11775
North Carolina,Perquimans County,2009,11791
North Carolina,Pamlico County,2012,11830
North Carolina,Washington County,2009,11855
North Carolina,Clay County,2023,11873
North Carolina,Pamlico County,2013,11886
North Carolina,Perquimans County,2010,11903
North Carolina,Washington County,2008,11936
North Carolina,Pamlico County,2014,11942
North Carolina,Pamlico County,2015,11998
North Carolina,Perquimans County,2011,12014
North Carolina,Washington County,2007,12016
North Carolina,Clay County,2024,12042
North Carolina,Pamlico County,2016,12054
North Carolina,Washington County,2006,12096
North Carolina,Pamlico County,2017,12110
North Carolina,Perquimans County,2012,12126
North Carolina,Pamlico County,2018,12166
North Carolina,Washington County,2005,12177
North Carolina,Pamlico County,2019,12221
North Carolina,Perquimans County,2013,12238
North Carolina,Pamlico County,2022,12269
North Carolina,Pamlico County,2020,12312
North Carolina,Perquimans County,2014,12350
North Carolina,Pamlico County,2021,12367
North Carolina,Pamlico County,2023,12450
North Carolina,Perquimans County,2015,12461
North Carolina,Pamlico County,2024,12550
North Carolina,Perquimans County,2016,12573
North Carolina,Perquimans County,2017,12685
North Carolina,Perquimans County,2018,12796
North Carolina,Perquimans County,2019,12908
North Carolina,Chowan County,2005,12998
North Carolina,Perquimans County,2020,13022
North Carolina,Chowan County,2006,13047
North Carolina,Chowan County,2007,13096
North Carolina,Perquimans County,2021,13126
North Carolina,Chowan County,2008,13146
North Carolina,Chowan County,2009,13195
North Carolina,Perquimans County,2022,13243
North Carolina,Chowan County,2010,13244
North Carolina,Chowan County,2011,13294
North Carolina,Chowan County,2012,13343
North Carolina,Perquimans County,2023,13367
North Carolina,Chowan County,2013,13392
North Carolina,Chowan County,2014,13442
North Carolina,Perquimans County,2024,13460
North Carolina,Chowan County,2015,13491
North Carolina,Chowan County,2016,13540
North Carolina,Chowan County,2017,13589
North Carolina,Chowan County,2018,13639
North Carolina,Chowan County,2019,13688
North Carolina,Chowan County,2020,13707
North Carolina,Chowan County,2021,13769
North Carolina,Chowan County,2024,13891
North Carolina,Chowan County,2023,13894
North Carolina,Chowan County,2022,13921
North Carolina,Swain County,2023,13923
North Carolina,Swain County,2024,13945
North Carolina,Swain County,2022,13968
North Carolina,Swain County,2020,14103
North Carolina,Swain County,2021,14126
North Carolina,Swain County,2019,14168
North Carolina,Currituck County,2005,14189
North Carolina,Swain County,2018,14220
North Carolina,Swain County,2017,14272
North Carolina,Swain County,2016,14324
North Carolina,Swain County,2015,14376
North Carolina,Swain County,2014,14428
North Carolina,Swain County,2013,14480
North Carolina,Mitchell County,2005,14498
North Carolina,Mitchell County,2006,14527
North Carolina,Swain County,2012,14532
North Carolina,Mitchell County,2007,14556
North Carolina,Swain County,2011,14583
North Carolina,Mitchell County,2008,14585
North Carolina,Mitchell County,2009,14614
North Carolina,Swain County,2010,14635
North Carolina,Mitchell County,2010,14643
North Carolina,Mitchell County,2011,14672
North Carolina,Swain County,2009,14687
North Carolina,Mitchell County,2012,14701
North Carolina,Mitchell County,2013,14730
North Carolina,Swain County,2008,14739
North Carolina,Mitchell County,2014,14759
North Carolina,Mitchell County,2015,14788
North Carolina,Swain County,2007,14791
North Carolina,Mitchell County,2016,14817
North Carolina,Swain County,2006,14843
North Carolina,Mitchell County,2017,14846
North Carolina,Mitchell County,2018,14875
North Carolina,Swain County,2005,14895
North Carolina,Mitchell County,2020,14898
North Carolina,Mitchell County,2019,14904
North Carolina,Mitchell County,2021,14977
North Carolina,Mitchell County,2023,15003
North Carolina,Mitchell County,2024,15030
North Carolina,Mitchell County,2022,15051
North Carolina,Currituck County,2006,15154
North Carolina,Currituck County,2007,16120
North Carolina,Polk County,2005,16147
North Carolina,Polk County,2006,16367
North Carolina,Northampton County,2024,16580
North Carolina,Polk County,2007,16587
North Carolina,Northampton County,2023,16705
North Carolina,Northampton County,2022,16806
North Carolina,Polk County,2008,16807
North Carolina,Yancey County,2005,16813
North Carolina,Yancey County,2006,16930
North Carolina,Bertie County,2024,16939
North Carolina,Bertie County,2022,16947
North Carolina,Bertie County,2023,17013
North Carolina,Polk County,2009,17027
North Carolina,Yancey County,2007,17046
North Carolina,Currituck County,2008,17085
North Carolina,Northampton County,2021,17125
North Carolina,Yancey County,2008,17163
North Carolina,Bertie County,2021,17234
North Carolina,Polk County,2010,17247
North Carolina,Warren County,2005,17280
North Carolina,Yancey County,2009,17280
North Carolina,Avery County,2005,17353
North Carolina,Warren County,2006,17369
North Carolina,Avery County,2006,17372
North Carolina,Avery County,2007,17391
North Carolina,Yancey County,2010,17396
North Carolina,Avery County,2008,17410
North Carolina,Avery County,2009,17429
North Carolina,Northampton County,2020,17439
North Carolina,Avery County,2010,17449
North Carolina,Warren County,2007,17458
North Carolina,Polk County,2011,17467
North Carolina,Avery County,2011,17468
North Carolina,Avery County,2012,17487
North Carolina,Avery County,2013,17506
North Carolina,Avery County,2021,17511
North Carolina,Yancey County,2011,17513
North Carolina,Avery County,2014,17525
North Carolina,Avery County,2015,17545
North Carolina,Warren County,2008,17547
North Carolina,Avery County,2022,17550
North Carolina,Avery County,2016,17564
North Carolina,Northampton County,2019,17572
North Carolina,Avery County,2017,17583
North Carolina,Avery County,2018,17602
North Carolina,Avery County,2019,17621
North Carolina,Yancey County,2012,17630
North Carolina,Warren County,2009,17636
North Carolina,Polk County,2012,17688
North Carolina,Bertie County,2019,17703
North Carolina,Avery County,2023,17711
North Carolina,Bertie County,2020,17717
North Carolina,Warren County,2010,17725
North Carolina,Yancey County,2013,17746
North Carolina,Madison County,2005,17759
North Carolina,Northampton County,2018,17786
North Carolina,Avery County,2024,17811
North Carolina,Warren County,2011,17814
North Carolina,Avery County,2020,17815
North Carolina,Yancey County,2014,17863
North Carolina,Bertie County,2018,17880
North Carolina,Warren County,2012,17904
North Carolina,Polk County,2013,17908
North Carolina,Yancey County,2015,17980
North Carolina,Warren County,2013,17993
North Carolina,Northampton County,2017,18000
North Carolina,Madison County,2006,18001
North Carolina,Currituck County,2009,18050
North Carolina,Bertie County,2017,18058
North Carolina,Warren County,2014,18082
North Carolina,Yancey County,2016,18097
North Carolina,Polk County,2014,18128
North Carolina,Warren County,2015,18171
North Carolina,Northampton County,2016,18213
North Carolina,Yancey County,2017,18213
North Carolina,Bertie County,2016,18236
North Carolina,Madison County,2007,18243
North Carolina,Warren County,2016,18260
North Carolina,Yancey County,2018,18330
North Carolina,Polk County,2015,18348
North Carolina,Warren County,2017,18349
North Carolina,Bertie County,2015,18413
North Carolina,Northampton County,2015,18427
North Carolina,Warren County,2018,18438
North Carolina,Yancey County,2019,18447
North Carolina,Madison County,2008,18484
North Carolina,Yancey County,2020,18496
North Carolina,Warren County,2019,18527
North Carolina,Polk County,2016,18568
North Carolina,Bertie County,2014,18591
North Carolina,Warren County,2020,18601
North Carolina,Northampton County,2014,18641
North Carolina,Warren County,2022,18700
North Carolina,Madison County,2009,18726
North Carolina,Warren County,2023,18762
North Carolina,Yancey County,2021,18767
North Carolina,Bertie County,2013,18769
North Carolina,Polk County,2017,18788
North Carolina,Yancey County,2022,18790
North Carolina,Warren County,2021,18831
North Carolina,Northampton County,2013,18855
North Carolina,Yancey County,2023,18940
North Carolina,Bertie County,2012,18947
North Carolina,Madison County,2010,18967
North Carolina,Yancey County,2024,18993
North Carolina,Polk County,2018,19008
North Carolina,Currituck County,2010,19016
North Carolina,Greene County,2005,19046
North Carolina,Northampton County,2012,19069
North Carolina,Warren County,2024,19081
North Carolina,Bertie County,2011,19124
North Carolina,Greene County,2006,19131
North Carolina,Hertford County,2024,19169
North Carolina,Madison County,2011,19209
North Carolina,Greene County,2007,19215
North Carolina,Polk County,2019,19228
North Carolina,Hertford County,2023,19234
North Carolina,Northampton County,2011,19282
North Carolina,Greene County,2008,19300
North Carolina,Bertie County,2010,19302
North Carolina,Polk County,2020,19380
North Carolina,Greene County,2009,19385
North Carolina,Madison County,2012,19451
North Carolina,Greene County,2010,19469
North Carolina,Bertie County,2009,19480
North Carolina,Northampton County,2010,19496
North Carolina,Hertford County,2022,19525
North Carolina,Greene County,2011,19554
North Carolina,Greene County,2012,19639
North Carolina,Bertie County,2008,19657
North Carolina,Madison County,2013,19692
North Carolina,Polk County,2021,19709
North Carolina,Northampton County,2009,19710
North Carolina,Greene County,2013,19723
North Carolina,Greene County,2014,19808
North Carolina,Hertford County,2021,19826
North Carolina,Bertie County,2007,19835
North Carolina,Greene County,2015,19893
North Carolina,Northampton County,2008,19924
North Carolina,Madison County,2014,19934
North Carolina,Greene County,2016,19978
North Carolina,Currituck County,2011,19981
North Carolina,Polk County,2022,20006
North Carolina,Bertie County,2006,20013
North Carolina,Polk County,2023,20030
North Carolina,Greene County,2017,20062
North Carolina,Northampton County,2007,20138
North Carolina,Greene County,2018,20147
North Carolina,Madison County,2015,20175
North Carolina,Bertie County,2005,20190
North Carolina,Greene County,2019,20232
North Carolina,Greene County,2021,20263
North Carolina,Polk County,2024,20320
North Carolina,Northampton County,2006,20351
North Carolina,Greene County,2022,20415
North Carolina,Madison County,2016,20417
North Carolina,Greene County,2020,20438
North Carolina,Northampton County,2005,20565
North Carolina,Greene County,2023,20644
North Carolina,Madison County,2017,20659
North Carolina,Greene County,2024,20671
North Carolina,Anson County,2005,20712
North Carolina,Anson County,2006,20805
North Carolina,Anson County,2007,20898
North Carolina,Madison County,2018,20900
North Carolina,Currituck County,2012,20947
North Carolina,Anson County,2008,20990
North Carolina,Anson County,2009,21083
North Carolina,Madison County,2019,21142
North Carolina,Anson County,2010,21176
North Carolina,Anson County,2011,21268
North Carolina,Madison County,2020,21295
North Carolina,Anson County,2012,21361
North Carolina,Anson County,2013,21454
North Carolina,Martin County,2023,21484
North Carolina,Martin County,2022,21502
North Carolina,Martin County,2024,21523
North Carolina,Anson County,2014,21547
North Carolina,Anson County,2015,21639
North Carolina,Hertford County,2019,21656
North Carolina,Anson County,2016,21732
North Carolina,Madison County,2021,21737
North Carolina,Martin County,2021,21752
North Carolina,Hertford County,2020,21787
North Carolina,Anson County,2017,21825
North Carolina,Currituck County,2013,21912
North Carolina,Madison County,2022,21912
North Carolina,Anson County,2018,21917
North Carolina,Martin County,2020,21959
North Carolina,Martin County,2019,21986
North Carolina,Anson County,2019,22010
North Carolina,Anson County,2020,22034
North Carolina,Madison County,2023,22039
North Carolina,Martin County,2018,22100
North Carolina,Martin County,2017,22214
North Carolina,Caswell County,2022,22219
North Carolina,Hertford County,2018,22239
North Carolina,Anson County,2021,22250
North Carolina,Martin County,2016,22328
North Carolina,Anson County,2022,22346
North Carolina,Madison County,2024,22352
North Carolina,Caswell County,2024,22363
North Carolina,Anson County,2023,22381
North Carolina,Anson County,2024,22432
North Carolina,Martin County,2015,22442
North Carolina,Caswell County,2019,22472
North Carolina,Caswell County,2020,22473
North Carolina,Caswell County,2023,22479
North Carolina,Caswell County,2021,22487
North Carolina,Caswell County,2018,22495
North Carolina,Caswell County,2017,22518
North Carolina,Caswell County,2016,22541
North Carolina,Martin County,2014,22556
North Carolina,Caswell County,2015,22563
North Carolina,Caswell County,2014,22586
North Carolina,Caswell County,2013,22609
North Carolina,Caswell County,2012,22632
North Carolina,Caswell County,2011,22655
North Carolina,Martin County,2013,22670
North Carolina,Caswell County,2010,22677
North Carolina,Caswell County,2009,22700
North Carolina,Caswell County,2008,22723
North Carolina,Caswell County,2007,22746
North Carolina,Caswell County,2006,22769
North Carolina,Martin County,2012,22784
North Carolina,Caswell County,2005,22791
North Carolina,Hertford County,2017,22822
North Carolina,Currituck County,2014,22877
North Carolina,Martin County,2011,22898
North Carolina,Martin County,2010,23012
North Carolina,Montgomery County,2005,23111
North Carolina,Martin County,2009,23126
North Carolina,Cherokee County,2005,23132
North Carolina,Martin County,2008,23240
North Carolina,Montgomery County,2006,23282
North Carolina,Martin County,2007,23354
North Carolina,Hertford County,2016,23405
North Carolina,Montgomery County,2007,23452
North Carolina,Martin County,2006,23468
North Carolina,Cherokee County,2006,23510
North Carolina,Martin County,2005,23582
North Carolina,Montgomery County,2008,23622
North Carolina,Montgomery County,2009,23793
North Carolina,Currituck County,2015,23843
North Carolina,Cherokee County,2007,23888
North Carolina,Montgomery County,2010,23963
North Carolina,Hertford County,2015,23987
North Carolina,Montgomery County,2011,24133
North Carolina,Ashe County,2005,24138
North Carolina,Cherokee County,2008,24266
North Carolina,Pender County,2005,24297
North Carolina,Ashe County,2006,24304
North Carolina,Montgomery County,2012,24304
North Carolina,Ashe County,2007,24469
North Carolina,Montgomery County,2013,24474
North Carolina,Hertford County,2014,24570
North Carolina,Ashe County,2008,24634
North Carolina,Cherokee County,2009,24644
North Carolina,Montgomery County,2014,24644
North Carolina,Ashe County,2009,24800
North Carolina,Currituck County,2016,24808
North Carolina,Montgomery County,2015,24814
North Carolina,Ashe County,2010,24965
North Carolina,Montgomery County,2016,24985
North Carolina,Cherokee County,2010,25023
North Carolina,Ashe County,2011,25131
North Carolina,Hertford County,2013,25153
North Carolina,Montgomery County,2017,25155
North Carolina,Ashe County,2012,25296
North Carolina,Montgomery County,2018,25325
North Carolina,Cherokee County,2011,25401
North Carolina,Ashe County,2013,25461
North Carolina,Montgomery County,2019,25496
North Carolina,Ashe County,2014,25627
North Carolina,Montgomery County,2020,25720
North Carolina,Hertford County,2012,25736
North Carolina,Currituck County,2017,25774
North Carolina,Cherokee County,2012,25779
North Carolina,Ashe County,2015,25792
North Carolina,Montgomery County,2021,25826
North Carolina,Montgomery County,2022,25884
North Carolina,Ashe County,2016,25958
North Carolina,Ashe County,2017,26123
North Carolina,Cherokee County,2013,26157
North Carolina,Montgomery County,2023,26241
North Carolina,Ashe County,2018,26288
North Carolina,Hertford County,2011,26319
North Carolina,Montgomery County,2024,26364
North Carolina,Ashe County,2019,26454
North Carolina,Cherokee County,2014,26535
North Carolina,Ashe County,2020,26590
North Carolina,Pender County,2006,26724
North Carolina,Currituck County,2018,26739
North Carolina,Ashe County,2021,26766
North Carolina,Hertford County,2010,26901
North Carolina,Cherokee County,2015,26914
North Carolina,Ashe County,2022,27062
North Carolina,Ashe County,2023,27068
North Carolina,Ashe County,2024,27266
North Carolina,Cherokee County,2016,27292
North Carolina,Hertford County,2009,27484
North Carolina,Cherokee County,2017,27670
North Carolina,Currituck County,2019,27704
North Carolina,Cherokee County,2018,28048
North Carolina,Hertford County,2008,28067
North Carolina,Currituck County,2020,28404
North Carolina,Cherokee County,2019,28426
North Carolina,Hertford County,2007,28650
North Carolina,Brunswick County,2005,28678
North Carolina,Franklin County,2005,28713
North Carolina,Jackson County,2005,28773
North Carolina,Cherokee County,2020,28864
North Carolina,Bladen County,2005,29145
North Carolina,Pender County,2007,29150
North Carolina,Bladen County,2006,29170
North Carolina,Cherokee County,2021,29188
North Carolina,Bladen County,2007,29195
North Carolina,Bladen County,2008,29219
North Carolina,Hertford County,2006,29233
North Carolina,Bladen County,2009,29244
North Carolina,Bladen County,2010,29269
North Carolina,Bladen County,2011,29294
North Carolina,Bladen County,2012,29318
North Carolina,Bladen County,2013,29343
North Carolina,Bladen County,2022,29365
North Carolina,Bladen County,2014,29368
North Carolina,Bladen County,2015,29392
North Carolina,Bladen County,2016,29417
North Carolina,Cherokee County,2022,29431
North Carolina,Bladen County,2017,29442
North Carolina,Bladen County,2018,29466
North Carolina,Bladen County,2019,29491
North Carolina,Bladen County,2023,29505
North Carolina,Bladen County,2021,29552
North Carolina,Bladen County,2020,29630
North Carolina,Jackson County,2006,29655
North Carolina,Currituck County,2021,29703
North Carolina,Bladen County,2024,29777
North Carolina,Hertford County,2005,29815
North Carolina,Cherokee County,2023,29952
North Carolina,Transylvania County,2005,30070
North Carolina,Transylvania County,2006,30283
North Carolina,Cherokee County,2024,30373
North Carolina,Transylvania County,2007,30496
North Carolina,Jackson County,2007,30538
North Carolina,Transylvania County,2008,30709
North Carolina,Macon County,2005,30785
North Carolina,Transylvania County,2009,30922
North Carolina,Currituck County,2022,31011
North Carolina,Transylvania County,2010,31135
North Carolina,Macon County,2006,31206
North Carolina,Transylvania County,2011,31348
North Carolina,Franklin County,2006,31400
North Carolina,Jackson County,2008,31420
North Carolina,Scotland County,2005,31561
North Carolina,Transylvania County,2012,31561
North Carolina,Pender County,2008,31577
North Carolina,Currituck County,2023,31609
North Carolina,Macon County,2007,31627
North Carolina,Scotland County,2006,31680
North Carolina,Transylvania County,2013,31774
North Carolina,Scotland County,2007,31800
North Carolina,Scotland County,2008,31919
North Carolina,Transylvania County,2014,31987
North Carolina,Scotland County,2009,32038
North Carolina,Macon County,2008,32048
North Carolina,Scotland County,2010,32158
North Carolina,Transylvania County,2015,32200
North Carolina,Scotland County,2011,32277
North Carolina,Currituck County,2024,32278
North Carolina,Jackson County,2009,32302
North Carolina,Scotland County,2012,32396
North Carolina,Transylvania County,2016,32413
North Carolina,Macon County,2009,32468
North Carolina,Scotland County,2013,32516
North Carolina,Transylvania County,2017,32626
North Carolina,Scotland County,2014,32635
North Carolina,Scotland County,2015,32754
North Carolina,Transylvania County,2018,32839
North Carolina,Scotland County,2016,32873
North Carolina,Macon County,2010,32889
North Carolina,Scotland County,2017,32993
North Carolina,Transylvania County,2019,33052
North Carolina,Scotland County,2018,33112
North Carolina,Jackson County,2010,33184
North Carolina,Scotland County,2019,33231
North Carolina,Transylvania County,2020,33258
North Carolina,Macon County,2011,33310
North Carolina,Scotland County,2020,33420
North Carolina,Scotland County,2021,33423
North Carolina,Transylvania County,2021,33494
North Carolina,Dare County,2005,33544
North Carolina,Scotland County,2022,33548
North Carolina,Scotland County,2023,33660
North Carolina,Transylvania County,2022,33668
North Carolina,Macon County,2012,33731
North Carolina,Dare County,2006,33799
North Carolina,Scotland County,2024,33898
North Carolina,Transylvania County,2023,33934
North Carolina,Pender County,2009,34003
North Carolina,Dare County,2007,34054
North Carolina,Davie County,2005,34056
North Carolina,Jackson County,2011,34066
North Carolina,Franklin County,2007,34086
North Carolina,Transylvania County,2024,34103
North Carolina,Macon County,2013,34152
North Carolina,Yadkin County,2005,34169
North Carolina,Dare County,2008,34308
North Carolina,Yadkin County,2006,34369
North Carolina,Dare County,2009,34563
North Carolina,Yadkin County,2007,34570
North Carolina,Macon County,2014,34573
North Carolina,Davie County,2006,34648
North Carolina,Yadkin County,2008,34770
North Carolina,Dare County,2010,34818
North Carolina,Jackson County,2012,34949
North Carolina,Yadkin County,2009,34970
North Carolina,Macon County,2015,34994
North Carolina,Dare County,2011,35072
North Carolina,Person County,2005,35131
North Carolina,Yadkin County,2010,35170
North Carolina,Alexander County,2005,35220
North Carolina,Davie County,2007,35240
North Carolina,Alexander County,2006,35290
North Carolina,Dare County,2012,35327
North Carolina,Alexander County,2007,35360
North Carolina,Yadkin County,2011,35370
North Carolina,Person County,2006,35391
North Carolina,Macon County,2016,35415
North Carolina,Alexander County,2008,35430
North Carolina,Alexander County,2009,35500
North Carolina,Alexander County,2010,35570
North Carolina,Yadkin County,2012,35571
North Carolina,Dare County,2013,35582
North Carolina,Alexander County,2011,35640
North Carolina,Person County,2007,35650
North Carolina,Alexander County,2012,35710
North Carolina,Pasquotank County,2005,35747
North Carolina,Yadkin County,2013,35771
North Carolina,Alexander County,2013,35780
North Carolina,Jackson County,2013,35831
North Carolina,Davie County,2008,35832
North Carolina,Macon County,2017,35836
North Carolina,Dare County,2014,35837
North Carolina,Alexander County,2014,35851
North Carolina,Person County,2008,35910
North Carolina,Alexander County,2015,35921
North Carolina,Brunswick County,2006,35966
North Carolina,Yadkin County,2014,35971
North Carolina,Alexander County,2016,35991
North Carolina,Pasquotank County,2006,36046
North Carolina,Alexander County,2017,36061
North Carolina,Dare County,2015,36091
North Carolina,Alexander County,2018,36131
North Carolina,Person County,2009,36169
North Carolina,Yadkin County,2015,36171
North Carolina,Alexander County,2019,36201
North Carolina,Alexander County,2022,36237
North Carolina,Macon County,2018,36257
North Carolina,Alexander County,2021,36292
North Carolina,Dare County,2016,36346
North Carolina,Pasquotank County,2007,36346
North Carolina,Yadkin County,2016,36371
North Carolina,Alexander County,2020,36410
North Carolina,Davie County,2009,36424
North Carolina,Alexander County,2023,36427
North Carolina,Person County,2010,36428
North Carolina,Pender County,2010,36430
North Carolina,Yadkin County,2017,36572
North Carolina,Dare County,2017,36601
North Carolina,Pasquotank County,2008,36645
North Carolina,Macon County,2019,36677
North Carolina,Person County,2011,36688
North Carolina,Alexander County,2024,36693
North Carolina,Jackson County,2014,36713
North Carolina,Yadkin County,2018,36772
North Carolina,Franklin County,2008,36773
North Carolina,Dare County,2018,36855
North Carolina,Pasquotank County,2009,36944
North Carolina,Person County,2012,36947
North Carolina,Yadkin County,2019,36972
North Carolina,Davie County,2010,37016
North Carolina,Dare County,2020,37038
North Carolina,Macon County,2020,37095
North Carolina,Dare County,2019,37110
North Carolina,Person County,2013,37207
North Carolina,Pasquotank County,2010,37243
North Carolina,Yadkin County,2020,37253
North Carolina,Yadkin County,2021,37280
North Carolina,Macon County,2021,37465
North Carolina,Person County,2014,37466
North Carolina,Yadkin County,2022,37539
North Carolina,Pasquotank County,2011,37542
North Carolina,Jackson County,2015,37595
North Carolina,Davie County,2011,37608
North Carolina,Person County,2015,37725
North Carolina,Yadkin County,2023,37798
North Carolina,Pasquotank County,2012,37842
North Carolina,Dare County,2021,37924
North Carolina,Person County,2016,37985
North Carolina,Yadkin County,2024,37995
North Carolina,Macon County,2022,37996
North Carolina,Dare County,2022,38047
North Carolina,Pasquotank County,2013,38141
North Carolina,Dare County,2023,38181
North Carolina,Dare County,2024,38183
North Carolina,Davie County,2012,38200
North Carolina,Person County,2017,38244
North Carolina,Macon County,2023,38430
North Carolina,Pasquotank County,2014,38440
North Carolina,Jackson County,2016,38477
North Carolina,Person County,2018,38504
North Carolina,Macon County,2024,38717
North Carolina,Pasquotank County,2015,38739
North Carolina,Person County,2019,38763
North Carolina,Davie County,2013,38792
North Carolina,Pender County,2011,38857
North Carolina,Pasquotank County,2016,39038
North Carolina,Person County,2021,39150
North Carolina,Person County,2020,39187
North Carolina,Pasquotank County,2017,39338
North Carolina,Stokes County,2005,39348
North Carolina,Jackson County,2017,39360
North Carolina,Davie County,2014,39385
North Carolina,Person County,2022,39396
North Carolina,Franklin County,2009,39459
North Carolina,Pasquotank County,2018,39637
North Carolina,Stokes County,2006,39689
North Carolina,Person County,2023,39832
North Carolina,Pasquotank County,2019,39936
North Carolina,Davie County,2015,39977
North Carolina,Stokes County,2007,40030
North Carolina,Person County,2024,40143
North Carolina,Jackson County,2018,40242
North Carolina,Pasquotank County,2020,40270
North Carolina,Stokes County,2008,40370
North Carolina,Pasquotank County,2021,40484
North Carolina,Davie County,2016,40569
North Carolina,Stokes County,2009,40711
North Carolina,Pasquotank County,2022,40818
North Carolina,Hoke County,2005,40819
North Carolina,Duplin County,2005,40858
North Carolina,Stokes County,2010,41051
North Carolina,Jackson County,2019,41124
North Carolina,Davie County,2017,41161
North Carolina,Pasquotank County,2023,41180
North Carolina,Pender County,2012,41283
North Carolina,Duplin County,2006,41357
North Carolina,Stokes County,2011,41392
North Carolina,Pasquotank County,2024,41418
North Carolina,Hoke County,2006,41585
North Carolina,McDowell County,2005,41651
North Carolina,Stokes County,2012,41733
North Carolina,Davie County,2018,41753
North Carolina,McDowell County,2006,41838
North Carolina,Duplin County,2007,41855
North Carolina,Richmond County,2024,41990
North Carolina,Richmond County,2023,42003
North Carolina,McDowell County,2007,42024
North Carolina,Stokes County,2013,42073
North Carolina,Vance County,2021,42126
North Carolina,Franklin County,2010,42146
North Carolina,Jackson County,2020,42146
North Carolina,McDowell County,2008,42210
North Carolina,Vance County,2022,42258
North Carolina,Vance County,2023,42329
North Carolina,Vance County,2024,42337
North Carolina,Davie County,2019,42345
North Carolina,Hoke County,2007,42350
North Carolina,Duplin County,2008,42354
North Carolina,Richmond County,2022,42360
North Carolina,Vance County,2019,42394
North Carolina,McDowell County,2009,42396
North Carolina,Stokes County,2014,42414
North Carolina,Vance County,2018,42418
North Carolina,Vance County,2017,42442
North Carolina,Vance County,2016,42466
North Carolina,Vance County,2015,42490
North Carolina,Jackson County,2021,42498
North Carolina,Vance County,2014,42514
North Carolina,Vance County,2013,42538
North Carolina,Vance County,2020,42559
North Carolina,Vance County,2012,42562
North Carolina,McDowell County,2010,42582
North Carolina,Vance County,2011,42586
North Carolina,Lee County,2005,42593
North Carolina,Vance County,2010,42611
North Carolina,Vance County,2009,42635
North Carolina,Richmond County,2021,42641
North Carolina,Vance County,2008,42659
North Carolina,Vance County,2007,42683
North Carolina,Vance County,2006,42707
North Carolina,Richmond County,2020,42725
North Carolina,Vance County,2005,42731
North Carolina,Stokes County,2015,42754
North Carolina,McDowell County,2011,42769
North Carolina,Duplin County,2009,42852
North Carolina,Davie County,2020,42894
North Carolina,McDowell County,2012,42955
North Carolina,Richmond County,2019,42976
North Carolina,Stokes County,2016,43095
North Carolina,Hoke County,2008,43116
North Carolina,McDowell County,2013,43141
North Carolina,Richmond County,2018,43187
North Carolina,Brunswick County,2007,43253
North Carolina,McDowell County,2014,43327
North Carolina,Duplin County,2010,43351
North Carolina,Richmond County,2017,43397
North Carolina,Stokes County,2017,43436
North Carolina,McDowell County,2015,43513
North Carolina,Richmond County,2016,43608
North Carolina,Davie County,2021,43651
North Carolina,McDowell County,2016,43700
North Carolina,Pender County,2013,43710
North Carolina,Stokes County,2018,43776
North Carolina,Richmond County,2015,43819
North Carolina,Duplin County,2011,43850
North Carolina,Jackson County,2022,43880
North Carolina,Hoke County,2009,43882
North Carolina,McDowell County,2017,43886
North Carolina,Lee County,2006,43959
North Carolina,Richmond County,2014,44030
North Carolina,McDowell County,2018,44072
North Carolina,Davie County,2022,44087
North Carolina,Stokes County,2019,44117
North Carolina,Richmond County,2013,44241
North Carolina,McDowell County,2019,44258
North Carolina,Stanly County,2005,44310
North Carolina,Duplin County,2012,44348
North Carolina,Beaufort County,2022,44356
North Carolina,Beaufort County,2023,44410
North Carolina,Richmond County,2012,44451
North Carolina,Beaufort County,2021,44462
North Carolina,McDowell County,2021,44536
North Carolina,McDowell County,2020,44554
North Carolina,Beaufort County,2024,44576
North Carolina,Stokes County,2020,44579
North Carolina,Beaufort County,2019,44582
North Carolina,Davie County,2023,44594
North Carolina,Beaufort County,2018,44610
North Carolina,Stokes County,2021,44636
North Carolina,Beaufort County,2017,44638
North Carolina,Hoke County,2010,44647
North Carolina,Richmond County,2011,44662
North Carolina,Beaufort County,2016,44666
North Carolina,Beaufort County,2020,44690
North Carolina,Beaufort County,2015,44694
North Carolina,Beaufort County,2014,44722
North Carolina,Beaufort County,2013,44750
North Carolina,McDowell County,2022,44759
North Carolina,Beaufort County,2012,44778
North Carolina,Beaufort County,2011,44806
North Carolina,Franklin County,2011,44833
North Carolina,Beaufort County,2010,44834
North Carolina,Duplin County,2013,44847
North Carolina,Beaufort County,2009,44862
North Carolina,Richmond County,2010,44873
North Carolina,Beaufort County,2008,44890
North Carolina,Beaufort County,2007,44918
North Carolina,Beaufort County,2006,44946
North Carolina,McDowell County,2023,44968
North Carolina,Beaufort County,2005,44974
North Carolina,Jackson County,2023,45050
North Carolina,Richmond County,2009,45084
North Carolina,Stokes County,2022,45137
North Carolina,McDowell County,2024,45269
North Carolina,Jackson County,2024,45281
North Carolina,Richmond County,2008,45295
North Carolina,Lee County,2007,45325
North Carolina,Duplin County,2014,45345
North Carolina,Davie County,2024,45383
North Carolina,Hoke County,2011,45413
North Carolina,Stokes County,2023,45486
North Carolina,Richmond County,2007,45505
North Carolina,Stanly County,2006,45507
North Carolina,Richmond County,2006,45716
North Carolina,Duplin County,2015,45844
North Carolina,Stokes County,2024,45857
North Carolina,Richmond County,2005,45927
North Carolina,Pender County,2014,46136
North Carolina,Hoke County,2012,46178
North Carolina,Duplin County,2016,46343
North Carolina,Edgecombe County,2005,46555
North Carolina,Edgecombe County,2006,46683
North Carolina,Lee County,2008,46691
North Carolina,Stanly County,2007,46703
North Carolina,Edgecombe County,2007,46811
North Carolina,Duplin County,2017,46841
North Carolina,Edgecombe County,2008,46940
North Carolina,Hoke County,2013,46944
North Carolina,Halifax County,2024,46992
North Carolina,Edgecombe County,2009,47068
North Carolina,Halifax County,2023,47068
North Carolina,Edgecombe County,2010,47196
North Carolina,Lincoln County,2005,47229
North Carolina,Edgecombe County,2011,47325
North Carolina,Duplin County,2018,47340
North Carolina,Edgecombe County,2012,47453
North Carolina,Franklin County,2012,47519
North Carolina,Edgecombe County,2013,47581
North Carolina,Halifax County,2022,47623
North Carolina,Edgecombe County,2014,47709
North Carolina,Hoke County,2014,47710
North Carolina,Duplin County,2019,47838
North Carolina,Edgecombe County,2015,47838
North Carolina,Stanly County,2008,47900
North Carolina,Edgecombe County,2016,47966
North Carolina,Lee County,2009,48057
North Carolina,Edgecombe County,2017,48094
North Carolina,Edgecombe County,2018,48223
North Carolina,Halifax County,2021,48275
North Carolina,Edgecombe County,2019,48351
North Carolina,Edgecombe County,2021,48351
North Carolina,Halifax County,2020,48416
North Carolina,Hoke County,2015,48475
North Carolina,Edgecombe County,2022,48481
North Carolina,Pender County,2015,48563
North Carolina,Duplin County,2021,48575
North Carolina,Duplin County,2020,48668
North Carolina,Edgecombe County,2020,48780
North Carolina,Halifax County,2019,48891
North Carolina,Edgecombe County,2023,48946
North Carolina,Duplin County,2022,49072
North Carolina,Chatham County,2005,49093
North Carolina,Stanly County,2009,49096
North Carolina,Edgecombe County,2024,49124
North Carolina,Hoke County,2016,49241
North Carolina,Halifax County,2018,49296
North Carolina,Lee County,2010,49423
North Carolina,Halifax County,2017,49702
North Carolina,Duplin County,2023,49819
North Carolina,Lincoln County,2006,49905
North Carolina,Columbus County,2021,50004
North Carolina,Hoke County,2017,50006
North Carolina,Columbus County,2022,50027
North Carolina,Columbus County,2024,50054
North Carolina,Halifax County,2016,50107
North Carolina,Columbus County,2023,50140
North Carolina,Franklin County,2013,50206
North Carolina,Stanly County,2010,50293
North Carolina,Columbus County,2019,50351
North Carolina,Columbus County,2018,50422
North Carolina,Columbus County,2020,50475
North Carolina,Columbus County,2017,50493
North Carolina,Halifax County,2015,50513
North Carolina,Duplin County,2024,50539
North Carolina,Brunswick County,2008,50541
North Carolina,Columbus County,2016,50563
North Carolina,Columbus County,2015,50634
North Carolina,Columbus County,2014,50704
North Carolina,Hoke County,2018,50772
North Carolina,Columbus County,2013,50775
North Carolina,Lee County,2011,50789
North Carolina,Columbus County,2012,50846
North Carolina,Columbus County,2011,50916
North Carolina,Halifax County,2014,50918
North Carolina,Chatham County,2006,50920
North Carolina,Columbus County,2010,50987
North Carolina,Pender County,2016,50990
North Carolina,Columbus County,2009,51057
North Carolina,Columbus County,2008,51128
North Carolina,Columbus County,2007,51199
North Carolina,Columbus County,2006,51269
North Carolina,Halifax County,2013,51324
North Carolina,Columbus County,2005,51340
North Carolina,Stanly County,2011,51489
North Carolina,Hoke County,2019,51538
North Carolina,Halifax County,2012,51729
North Carolina,Halifax County,2011,52135
North Carolina,Lee County,2012,52155
North Carolina,Hoke County,2020,52249
North Carolina,Halifax County,2010,52540
North Carolina,Lincoln County,2007,52580
North Carolina,Stanly County,2012,52686
North Carolina,Chatham County,2007,52747
North Carolina,Franklin County,2014,52892
North Carolina,Halifax County,2009,52946
North Carolina,Watauga County,2005,53171
North Carolina,Hoke County,2021,53197
North Carolina,Watauga County,2006,53286
North Carolina,Halifax County,2008,53351
North Carolina,Watauga County,2007,53401
North Carolina,Pender County,2017,53416
North Carolina,Watauga County,2008,53516
North Carolina,Lee County,2013,53521
North Carolina,Lenoir County,2005,53550
North Carolina,Watauga County,2009,53630
North Carolina,Lenoir County,2006,53631
North Carolina,Lenoir County,2007,53711
North Carolina,Sampson County,2005,53737
North Carolina,Watauga County,2010,53745
North Carolina,Halifax County,2007,53757
North Carolina,Hoke County,2022,53759
North Carolina,Lenoir County,2008,53792
North Carolina,Watauga County,2011,53860
North Carolina,Lenoir County,2009,53872
North Carolina,Stanly County,2013,53882
North Carolina,Lenoir County,2010,53953
North Carolina,Watauga County,2012,53975
North Carolina,Lenoir County,2011,54033
North Carolina,Sampson County,2006,54074
North Carolina,Watauga County,2013,54090
North Carolina,Lenoir County,2012,54114
North Carolina,Halifax County,2006,54162
North Carolina,Lenoir County,2013,54194
North Carolina,Watauga County,2014,54204
North Carolina,Lenoir County,2014,54275
North Carolina,Watauga County,2015,54319
North Carolina,Lenoir County,2015,54355
North Carolina,Sampson County,2007,54412
North Carolina,Watauga County,2016,54434
North Carolina,Lenoir County,2016,54436
North Carolina,Watauga County,2020,54470
North Carolina,Lenoir County,2017,54516
North Carolina,Lenoir County,2022,54529
North Carolina,Watauga County,2017,54549
North Carolina,Halifax County,2005,54568
North Carolina,Chatham County,2008,54574
North Carolina,Hoke County,2023,54587
North Carolina,Lenoir County,2018,54597
North Carolina,Granville County,2005,54607
North Carolina,Watauga County,2018,54664
North Carolina,Lenoir County,2019,54677
North Carolina,Lenoir County,2021,54710
North Carolina,Sampson County,2008,54749
North Carolina,Watauga County,2019,54778
North Carolina,Lee County,2014,54887
North Carolina,Lenoir County,2023,54967
North Carolina,Granville County,2006,54976
North Carolina,Watauga County,2024,54997
North Carolina,Lenoir County,2020,55058
North Carolina,Stanly County,2014,55079
North Carolina,Sampson County,2009,55086
North Carolina,Lincoln County,2008,55256
North Carolina,Watauga County,2021,55326
North Carolina,Lenoir County,2024,55332
North Carolina,Granville County,2007,55344
North Carolina,Hoke County,2024,55382
North Carolina,Watauga County,2022,55404
North Carolina,Watauga County,2023,55420
North Carolina,Sampson County,2010,55423
North Carolina,Franklin County,2015,55579
North Carolina,Granville County,2008,55713
North Carolina,Sampson County,2011,55760
North Carolina,Pender County,2018,55843
North Carolina,Granville County,2009,56082
North Carolina,Sampson County,2012,56098
North Carolina,Lee County,2015,56253
North Carolina,Stanly County,2015,56275
North Carolina,Chatham County,2009,56401
North Carolina,Sampson County,2013,56435
North Carolina,Granville County,2010,56451
North Carolina,Sampson County,2014,56772
North Carolina,Granville County,2011,56820
North Carolina,Sampson County,2015,57109
North Carolina,Granville County,2012,57188
North Carolina,Sampson County,2016,57446
North Carolina,Stanly County,2016,57472
North Carolina,Granville County,2013,57557
North Carolina,Lee County,2016,57619
North Carolina,Sampson County,2017,57784
North Carolina,Brunswick County,2009,57829
North Carolina,Granville County,2014,57926
North Carolina,Lincoln County,2009,57932
North Carolina,Sampson County,2018,58121
North Carolina,Chatham County,2010,58228
North Carolina,Franklin County,2016,58266
North Carolina,Pender County,2019,58269
North Carolina,Granville County,2015,58295
North Carolina,Sampson County,2019,58458
North Carolina,Granville County,2016,58664
North Carolina,Stanly County,2017,58668
North Carolina,Carteret County,2005,58722
North Carolina,Lee County,2017,58985
North Carolina,Granville County,2017,59032
North Carolina,Sampson County,2021,59038
North Carolina,Sampson County,2020,59070
North Carolina,Sampson County,2022,59096
North Carolina,Haywood County,2005,59168
North Carolina,Rutherford County,2005,59284
North Carolina,Carteret County,2006,59335
North Carolina,Haywood County,2006,59374
North Carolina,Granville County,2018,59401
North Carolina,Haywood County,2007,59579
North Carolina,Rutherford County,2006,59616
North Carolina,Sampson County,2023,59742
North Carolina,Granville County,2019,59770
North Carolina,Haywood County,2008,59785
North Carolina,Stanly County,2018,59865
North Carolina,Carteret County,2007,59948
North Carolina,Rutherford County,2007,59948
North Carolina,Haywood County,2009,59990
North Carolina,Chatham County,2011,60055
North Carolina,Granville County,2020,60151
North Carolina,Haywood County,2010,60196
North Carolina,Rutherford County,2008,60280
North Carolina,Lee County,2018,60351
North Carolina,Haywood County,2011,60401
North Carolina,Sampson County,2024,60404
North Carolina,Granville County,2021,60460
North Carolina,Carteret County,2008,60562
North Carolina,Haywood County,2012,60607
North Carolina,Lincoln County,2010,60608
North Carolina,Rutherford County,2009,60612
North Carolina,Pender County,2020,60625
North Carolina,Haywood County,2013,60812
North Carolina,Granville County,2022,60867
North Carolina,Rutherford County,2010,60944
North Carolina,Franklin County,2017,60952
North Carolina,Haywood County,2014,61018
North Carolina,Stanly County,2019,61061
North Carolina,Carteret County,2009,61175
North Carolina,Haywood County,2015,61223
North Carolina,Rutherford County,2011,61276
North Carolina,Granville County,2023,61362
North Carolina,Haywood County,2016,61429
North Carolina,Granville County,2024,61544
North Carolina,Rutherford County,2012,61609
North Carolina,Haywood County,2017,61634
North Carolina,Lee County,2019,61717
North Carolina,Carteret County,2010,61788
North Carolina,Haywood County,2018,61840
North Carolina,Chatham County,2012,61882
North Carolina,Rutherford County,2013,61941
North Carolina,Haywood County,2019,62045
North Carolina,Haywood County,2020,62218
North Carolina,Rutherford County,2014,62273
North Carolina,Carteret County,2011,62402
North Carolina,Haywood County,2021,62527
North Carolina,Haywood County,2022,62595
North Carolina,Rutherford County,2015,62605
North Carolina,Stanly County,2020,62679
North Carolina,Haywood County,2023,62922
North Carolina,Rutherford County,2016,62937
North Carolina,Pender County,2021,62994
North Carolina,Carteret County,2012,63015
North Carolina,Haywood County,2024,63048
North Carolina,Stanly County,2021,63147
North Carolina,Rutherford County,2017,63269
North Carolina,Lincoln County,2011,63283
North Carolina,Lee County,2020,63402
North Carolina,Rutherford County,2018,63601
North Carolina,Carteret County,2013,63628
North Carolina,Franklin County,2018,63639
North Carolina,Chatham County,2013,63708
North Carolina,Rutherford County,2019,63933
North Carolina,Lee County,2021,64031
North Carolina,Carteret County,2014,64242
North Carolina,Stanly County,2022,64285
North Carolina,Rutherford County,2020,64357
North Carolina,Wilkes County,2005,64494
North Carolina,Rutherford County,2021,64508
North Carolina,Wilkes County,2006,64579
North Carolina,Wilkes County,2007,64664
North Carolina,Wilkes County,2008,64749
North Carolina,Rutherford County,2022,64829
North Carolina,Wilkes County,2009,64833
North Carolina,Carteret County,2015,64855
North Carolina,Wilkes County,2010,64918
North Carolina,Wilkes County,2011,65003
North Carolina,Wilkes County,2012,65087
North Carolina,Brunswick County,2010,65116
North Carolina,Wilkes County,2013,65172
North Carolina,Wilkes County,2014,65257
North Carolina,Wilkes County,2015,65341
North Carolina,Rutherford County,2023,65369
North Carolina,Wilkes County,2016,65426
North Carolina,Carteret County,2016,65468
North Carolina,Wilkes County,2017,65511
North Carolina,Chatham County,2014,65535
North Carolina,Rutherford County,2024,65587
North Carolina,Wilkes County,2018,65596
North Carolina,Wilkes County,2019,65680
North Carolina,Lee County,2022,65687
North Carolina,Pender County,2022,65697
North Carolina,Wilkes County,2021,65798
North Carolina,Wilkes County,2022,65801
North Carolina,Stanly County,2023,65818
North Carolina,Wilkes County,2020,65872
North Carolina,Lincoln County,2012,65959
North Carolina,Wilkes County,2023,66017
North Carolina,Carteret County,2017,66081
North Carolina,Wilkes County,2024,66186
North Carolina,Franklin County,2019,66325
North Carolina,Carteret County,2018,66695
North Carolina,Carteret County,2019,67308
North Carolina,Stanly County,2024,67326
North Carolina,Chatham County,2015,67362
North Carolina,Lee County,2023,67421
North Carolina,Carteret County,2020,67695
North Carolina,Pender County,2023,68356
North Carolina,Lee County,2024,68537
North Carolina,Lincoln County,2013,68635
North Carolina,Carteret County,2021,68707
North Carolina,Franklin County,2020,69028
North Carolina,Chatham County,2016,69189
North Carolina,Carteret County,2022,69369
North Carolina,Carteret County,2023,69712
North Carolina,Pender County,2024,70077
North Carolina,Carteret County,2024,70259
North Carolina,Moore County,2005,70415
North Carolina,Surry County,2005,70495
North Carolina,Surry County,2006,70550
North Carolina,Surry County,2007,70604
North Carolina,Surry County,2008,70659
North Carolina,Surry County,2009,70714
North Carolina,Surry County,2010,70768
North Carolina,Surry County,2011,70823
North Carolina,Surry County,2012,70878
North Carolina,Surry County,2013,70932
North Carolina,Surry County,2014,70987
North Carolina,Chatham County,2017,71016
North Carolina,Surry County,2015,71042
North Carolina,Surry County,2016,71097
North Carolina,Surry County,2017,71151
North Carolina,Surry County,2018,71206
North Carolina,Surry County,2019,71261
North Carolina,Surry County,2021,71262
North Carolina,Lincoln County,2014,71310
North Carolina,Surry County,2020,71371
North Carolina,Surry County,2023,71457
North Carolina,Surry County,2022,71489
North Carolina,Surry County,2024,71547
North Carolina,Franklin County,2021,71712
North Carolina,Brunswick County,2011,72404
North Carolina,Moore County,2006,72442
North Carolina,Chatham County,2018,72843
North Carolina,Lincoln County,2015,73986
North Carolina,Franklin County,2022,74326
North Carolina,Moore County,2007,74469
North Carolina,Chatham County,2019,74670
North Carolina,Wilson County,2005,75594
North Carolina,Wilson County,2006,75811
North Carolina,Wilson County,2007,76028
North Carolina,Wilson County,2008,76246
North Carolina,Wilson County,2009,76463
North Carolina,Moore County,2008,76496
North Carolina,Chatham County,2020,76662
North Carolina,Lincoln County,2016,76662
North Carolina,Wilson County,2010,76681
North Carolina,Wilson County,2011,76898
North Carolina,Franklin County,2023,77092
North Carolina,Wilson County,2012,77115
North Carolina,Wilson County,2013,77333
North Carolina,Wilson County,2014,77550
North Carolina,Wilson County,2015,77768
North Carolina,Wilson County,2016,77985
North Carolina,Chatham County,2021,78147
North Carolina,Wilson County,2017,78202
North Carolina,Wilson County,2018,78420
North Carolina,Moore County,2009,78523
North Carolina,Wilson County,2019,78637
North Carolina,Wilson County,2021,78746
North Carolina,Wilson County,2022,78838
North Carolina,Wilson County,2020,79301
North Carolina,Lincoln County,2017,79337
North Carolina,Wilson County,2023,79606
North Carolina,Brunswick County,2012,79691
North Carolina,Franklin County,2024,79771
North Carolina,Caldwell County,2005,79905
North Carolina,Caldwell County,2006,79942
North Carolina,Wilson County,2024,79958
North Carolina,Caldwell County,2007,79979
North Carolina,Caldwell County,2008,80016
North Carolina,Caldwell County,2009,80053
North Carolina,Chatham County,2022,80080
North Carolina,Caldwell County,2010,80090
North Carolina,Caldwell County,2011,80127
North Carolina,Caldwell County,2012,80164
North Carolina,Caldwell County,2013,80201
North Carolina,Caldwell County,2014,80239
North Carolina,Caldwell County,2022,80259
North Carolina,Caldwell County,2015,80276
North Carolina,Caldwell County,2016,80313
North Carolina,Caldwell County,2017,80350
North Carolina,Caldwell County,2018,80387
North Carolina,Caldwell County,2019,80424
North Carolina,Caldwell County,2021,80518
North Carolina,Moore County,2010,80550
North Carolina,Caldwell County,2023,80579
North Carolina,Caldwell County,2020,80584
North Carolina,Caldwell County,2024,80739
North Carolina,Rockingham County,2005,81925
North Carolina,Burke County,2005,81950
North Carolina,Chatham County,2023,81992
North Carolina,Lincoln County,2018,82013
North Carolina,Burke County,2006,82294
North Carolina,Rockingham County,2006,82526
North Carolina,Moore County,2011,82577
North Carolina,Burke County,2007,82638
North Carolina,Burke County,2008,82981
North Carolina,Rockingham County,2007,83126
North Carolina,Burke County,2009,83325
North Carolina,Burke County,2010,83669
North Carolina,Rockingham County,2008,83726
North Carolina,Chatham County,2024,83874
North Carolina,Nash County,2005,83903
North Carolina,Burke County,2011,84013
North Carolina,Rockingham County,2009,84326
North Carolina,Burke County,2012,84357
North Carolina,Moore County,2012,84604
North Carolina,Nash County,2006,84627
North Carolina,Lincoln County,2019,84689
North Carolina,Burke County,2013,84700
North Carolina,Rockingham County,2010,84927
North Carolina,Burke County,2014,85044
North Carolina,Nash County,2007,85351
North Carolina,Burke County,2015,85388
North Carolina,Rockingham County,2011,85527
North Carolina,Burke County,2016,85732
North Carolina,Burke County,2017,86076
North Carolina,Nash County,2008,86076
North Carolina,Rockingham County,2012,86127
North Carolina,Burke County,2018,86419
North Carolina,Harnett County,2005,86468
North Carolina,Moore County,2013,86631
North Carolina,Rockingham County,2013,86728
North Carolina,Burke County,2019,86763
North Carolina,Nash County,2009,86800
North Carolina,Brunswick County,2013,86979
North Carolina,Lincoln County,2020,87169
North Carolina,Burke County,2020,87248
North Carolina,Burke County,2021,87303
North Carolina,Rockingham County,2014,87328
North Carolina,Nash County,2010,87524
North Carolina,Burke County,2022,87732
North Carolina,Rockingham County,2015,87928
North Carolina,Burke County,2023,88147
North Carolina,Nash County,2011,88249
North Carolina,Rockingham County,2016,88529
North Carolina,Burke County,2024,88545
North Carolina,Moore County,2014,88659
North Carolina,Nash County,2012,88973
North Carolina,Rockingham County,2017,89129
North Carolina,Harnett County,2006,89567
North Carolina,Nash County,2013,89697
North Carolina,Rockingham County,2018,89729
North Carolina,Lincoln County,2021,89913
North Carolina,Rockingham County,2019,90329
North Carolina,Nash County,2014,90422
North Carolina,Moore County,2015,90686
North Carolina,Craven County,2005,90735
North Carolina,Nash County,2015,91146
North Carolina,Rockingham County,2020,91214
North Carolina,Rockingham County,2021,91241
North Carolina,Craven County,2006,91434
North Carolina,Cleveland County,2005,91515
North Carolina,Nash County,2016,91870
North Carolina,Rockingham County,2022,92044
North Carolina,Cleveland County,2006,92072
North Carolina,Craven County,2007,92133
North Carolina,Nash County,2017,92594
North Carolina,Cleveland County,2007,92630
North Carolina,Rockingham County,2023,92638
North Carolina,Harnett County,2007,92666
North Carolina,Moore County,2016,92713
North Carolina,Craven County,2008,92831
North Carolina,Lincoln County,2022,93103
North Carolina,Cleveland County,2008,93187
North Carolina,Nash County,2018,93319
North Carolina,Rockingham County,2024,93517
North Carolina,Craven County,2009,93530
North Carolina,Cleveland County,2009,93744
North Carolina,Nash County,2019,94043
North Carolina,Craven County,2010,94228
North Carolina,Brunswick County,2014,94267
North Carolina,Cleveland County,2010,94302
North Carolina,Moore County,2017,94740
North Carolina,Cleveland County,2011,94859
North Carolina,Craven County,2011,94927
North Carolina,Nash County,2020,95159
North Carolina,Nash County,2021,95215
North Carolina,Cleveland County,2012,95417
North Carolina,Craven County,2012,95626
North Carolina,Harnett County,2008,95765
North Carolina,Lincoln County,2023,95786
North Carolina,Nash County,2022,95922
North Carolina,Cleveland County,2013,95974
North Carolina,Craven County,2013,96324
North Carolina,Cleveland County,2014,96531
North Carolina,Moore County,2018,96767
North Carolina,Nash County,2023,96796
North Carolina,Craven County,2014,97023
North Carolina,Cleveland County,2015,97089
North Carolina,Lincoln County,2024,97611
North Carolina,Cleveland County,2016,97646
North Carolina,Craven County,2015,97721
North Carolina,Nash County,2024,97990
North Carolina,Johnston County,2005,98062
North Carolina,Cleveland County,2017,98204
North Carolina,Craven County,2016,98420
North Carolina,Cleveland County,2018,98761
North Carolina,Moore County,2019,98794
North Carolina,Harnett County,2009,98864
North Carolina,Craven County,2017,99119
North Carolina,Cleveland County,2019,99318
North Carolina,Craven County,2018,99817
North Carolina,Cleveland County,2020,99945
North Carolina,Henderson County,2005,100107
North Carolina,Moore County,2020,100293
North Carolina,Cleveland County,2021,100485
North Carolina,Craven County,2019,100516
North Carolina,Cleveland County,2022,100771
North Carolina,Henderson County,2006,101188
North Carolina,Craven County,2020,101505
North Carolina,Brunswick County,2015,101554
North Carolina,Cleveland County,2023,101561
North Carolina,Craven County,2021,101667
North Carolina,Harnett County,2010,101963
North Carolina,Cleveland County,2024,102194
North Carolina,Henderson County,2007,102269
North Carolina,Craven County,2022,102392
North Carolina,Moore County,2021,103049
North Carolina,Craven County,2023,103329
North Carolina,Henderson County,2008,103350
North Carolina,Craven County,2024,104167
North Carolina,Henderson County,2009,104431
North Carolina,Robeson County,2005,104801
North Carolina,Harnett County,2011,105062
North Carolina,Henderson County,2010,105512
North Carolina,Robeson County,2006,105513
North Carolina,Moore County,2022,105548
North Carolina,Johnston County,2006,106074
North Carolina,Robeson County,2007,106225
North Carolina,Wayne County,2005,106230
North Carolina,Henderson County,2011,106593
North Carolina,Robeson County,2008,106936
North Carolina,Wayne County,2006,106960
North Carolina,Moore County,2023,107072
North Carolina,Robeson County,2009,107648
North Carolina,Henderson County,2012,107674
North Carolina,Wayne County,2007,107691
North Carolina,Harnett County,2012,108161
North Carolina,Robeson County,2010,108360
North Carolina,Moore County,2024,108417
North Carolina,Wayne County,2008,108422
North Carolina,Henderson County,2013,108755
North Carolina,Brunswick County,2016,108842
North Carolina,Robeson County,2011,109072
North Carolina,Wayne County,2009,109152
North Carolina,Robeson County,2012,109784
North Carolina,Henderson County,2014,109836
North Carolina,Wayne County,2010,109883
North Carolina,Robeson County,2013,110495
North Carolina,Wayne County,2011,110614
North Carolina,Henderson County,2015,110917
North Carolina,Robeson County,2014,111207
North Carolina,Harnett County,2013,111259
North Carolina,Wayne County,2012,111345
North Carolina,Robeson County,2015,111919
North Carolina,Henderson County,2016,111998
North Carolina,Wayne County,2013,112075
North Carolina,Robeson County,2016,112631
North Carolina,Orange County,2005,112735
North Carolina,Wayne County,2014,112806
North Carolina,Henderson County,2017,113079
North Carolina,Robeson County,2017,113343
North Carolina,Wayne County,2015,113537
North Carolina,Robeson County,2018,114054
North Carolina,Johnston County,2007,114086
North Carolina,Henderson County,2018,114160
North Carolina,Wayne County,2016,114267
North Carolina,Harnett County,2014,114358
North Carolina,Robeson County,2019,114766
North Carolina,Orange County,2006,114908
North Carolina,Wayne County,2017,114998
North Carolina,Henderson County,2019,115241
North Carolina,Wayne County,2018,115729
North Carolina,Robeson County,2021,115901
North Carolina,Robeson County,2020,115967
North Carolina,Brunswick County,2017,116129
North Carolina,Robeson County,2022,116313
North Carolina,Wayne County,2019,116459
North Carolina,Henderson County,2020,116571
North Carolina,Orange County,2007,117081
North Carolina,Henderson County,2021,117166
North Carolina,Wayne County,2021,117395
North Carolina,Harnett County,2015,117457
North Carolina,Robeson County,2023,117705
North Carolina,Wayne County,2020,117772
North Carolina,Wayne County,2022,118185
North Carolina,Henderson County,2022,118336
North Carolina,Robeson County,2024,118624
North Carolina,Orange County,2008,119254
North Carolina,Iredell County,2005,119331
North Carolina,Wayne County,2023,119570
North Carolina,Henderson County,2023,119576
North Carolina,Wayne County,2024,120338
North Carolina,Harnett County,2016,120556
North Carolina,Rowan County,2005,120727
North Carolina,Henderson County,2024,120771
North Carolina,Orange County,2009,121427
North Carolina,Johnston County,2008,122098
North Carolina,Rowan County,2006,122441
North Carolina,Brunswick County,2018,123417
North Carolina,Orange County,2010,123600
North Carolina,Harnett County,2017,123655
North Carolina,Iredell County,2006,123873
North Carolina,Rowan County,2007,124156
North Carolina,Orange County,2011,125773
North Carolina,Rowan County,2008,125871
North Carolina,Harnett County,2018,126754
North Carolina,Rowan County,2009,127585
North Carolina,Alamance County,2005,127907
North Carolina,Orange County,2012,127947
North Carolina,Iredell County,2007,128415
North Carolina,Randolph County,2005,128538
North Carolina,Rowan County,2010,129300
North Carolina,Randolph County,2006,129586
North Carolina,Harnett County,2019,129853
North Carolina,Johnston County,2009,130109
North Carolina,Orange County,2013,130120
North Carolina,Randolph County,2007,130634
North Carolina,Brunswick County,2019,130705
North Carolina,Alamance County,2006,130788
North Carolina,Rowan County,2011,131014
North Carolina,Randolph County,2008,131681
North Carolina,Orange County,2014,132293
North Carolina,Randolph County,2009,132729
North Carolina,Rowan County,2012,132729
North Carolina,Iredell County,2008,132957
North Carolina,Alamance County,2007,133670
North Carolina,Harnett County,2020,133716
North Carolina,Randolph County,2010,133776
North Carolina,Rowan County,2013,134444
North Carolina,Orange County,2015,134466
North Carolina,Randolph County,2011,134824
North Carolina,Harnett County,2021,135563
North Carolina,Davidson County,2005,135851
North Carolina,Randolph County,2012,135872
North Carolina,Rowan County,2014,136158
North Carolina,Alamance County,2008,136551
North Carolina,Orange County,2016,136639
North Carolina,Randolph County,2013,136919
North Carolina,Catawba County,2005,137048
North Carolina,Iredell County,2009,137499
North Carolina,Rowan County,2015,137873
North Carolina,Randolph County,2014,137967
North Carolina,Davidson County,2006,138033
North Carolina,Johnston County,2010,138121
North Carolina,Brunswick County,2020,138167
North Carolina,Harnett County,2022,138583
North Carolina,Catawba County,2006,138608
North Carolina,Orange County,2017,138812
North Carolina,Randolph County,2015,139014
North Carolina,Alamance County,2009,139433
North Carolina,Rowan County,2016,139587
North Carolina,Randolph County,2016,140062
North Carolina,Catawba County,2007,140168
North Carolina,Davidson County,2007,140216
North Carolina,Orange County,2018,140985
North Carolina,Randolph County,2017,141110
North Carolina,Rowan County,2017,141302
North Carolina,Catawba County,2008,141729
North Carolina,Harnett County,2023,141792
North Carolina,Iredell County,2010,142041
North Carolina,Randolph County,2018,142157
North Carolina,Alamance County,2010,142314
North Carolina,Davidson County,2008,142398
North Carolina,Rowan County,2018,143017
North Carolina,Orange County,2019,143158
North Carolina,Randolph County,2019,143205
North Carolina,Catawba County,2009,143289
North Carolina,Orange County,2020,143732
North Carolina,Randolph County,2020,144407
North Carolina,Davidson County,2009,144581
North Carolina,Rowan County,2019,144731
North Carolina,Catawba County,2010,144849
North Carolina,Brunswick County,2021,144869
North Carolina,Randolph County,2021,145129
North Carolina,Alamance County,2011,145196
North Carolina,Harnett County,2024,146096
North Carolina,Johnston County,2011,146133
North Carolina,Randolph County,2022,146174
North Carolina,Catawba County,2011,146409
North Carolina,Iredell County,2011,146582
North Carolina,Davidson County,2010,146763
North Carolina,Rowan County,2020,146909
North Carolina,Pitt County,2005,147026
North Carolina,Randolph County,2023,147641
North Carolina,Rowan County,2021,147687
North Carolina,Catawba County,2012,147970
North Carolina,Alamance County,2012,148077
North Carolina,Union County,2005,148252
North Carolina,Randolph County,2024,148389
North Carolina,Orange County,2021,148798
North Carolina,Pitt County,2006,148800
North Carolina,Davidson County,2011,148946
North Carolina,Rowan County,2022,149514
North Carolina,Catawba County,2013,149530
North Carolina,Pitt County,2007,150575
North Carolina,Orange County,2022,150744
North Carolina,Alamance County,2013,150959
North Carolina,Catawba County,2014,151090
North Carolina,Iredell County,2012,151124
North Carolina,Davidson County,2012,151128
North Carolina,Rowan County,2023,151883
North Carolina,Orange County,2023,152239
North Carolina,Pitt County,2008,152349
North Carolina,Catawba County,2015,152651
North Carolina,Brunswick County,2022,152836
North Carolina,Orange County,2024,152877
North Carolina,Davidson County,2013,153311
North Carolina,Rowan County,2024,153384
North Carolina,Alamance County,2014,153840
North Carolina,Pitt County,2009,154124
North Carolina,Johnston County,2012,154145
North Carolina,Catawba County,2016,154211
North Carolina,Union County,2006,154293
North Carolina,Davidson County,2014,155493
North Carolina,Iredell County,2013,155666
North Carolina,Catawba County,2017,155771
North Carolina,Pitt County,2010,155898
North Carolina,Alamance County,2015,156722
North Carolina,Catawba County,2018,157332
North Carolina,Pitt County,2011,157673
North Carolina,Davidson County,2015,157676
North Carolina,Catawba County,2019,158892
North Carolina,Pitt County,2012,159447
North Carolina,Alamance County,2016,159603
North Carolina,Brunswick County,2023,159855
North Carolina,Davidson County,2016,159858
North Carolina,Iredell County,2014,160208
North Carolina,Union County,2007,160335
North Carolina,Catawba County,2020,160889
North Carolina,New Hanover County,2005,160991
North Carolina,Cabarrus County,2005,161049
North Carolina,Pitt County,2013,161222
North Carolina,Catawba County,2021,161682
North Carolina,Davidson County,2017,162041
North Carolina,Johnston County,2013,162157
North Carolina,Alamance County,2017,162485
North Carolina,Pitt County,2014,162996
North Carolina,Catawba County,2022,163286
North Carolina,Davidson County,2018,164223
North Carolina,Iredell County,2015,164750
North Carolina,Pitt County,2015,164771
North Carolina,Catawba County,2023,164955
North Carolina,New Hanover County,2006,165358
North Carolina,Alamance County,2018,165366
North Carolina,Cabarrus County,2006,165466
North Carolina,Union County,2008,166376
North Carolina,Davidson County,2019,166406
North Carolina,Pitt County,2016,166545
North Carolina,Catawba County,2024,167054
North Carolina,Brunswick County,2024,167112
North Carolina,Alamance County,2019,168248
North Carolina,Onslow County,2005,168284
North Carolina,Pitt County,2017,168320
North Carolina,Davidson County,2020,169050
North Carolina,Iredell County,2016,169292
North Carolina,New Hanover County,2007,169725
North Carolina,Cabarrus County,2007,169882
North Carolina,Pitt County,2018,170094
North Carolina,Johnston County,2014,170168
North Carolina,Davidson County,2021,170580
North Carolina,Onslow County,2006,170614
North Carolina,Alamance County,2020,171620
North Carolina,Pitt County,2019,171869
North Carolina,Union County,2009,172418
North Carolina,Davidson County,2022,172443
North Carolina,Onslow County,2007,172945
North Carolina,Alamance County,2021,173642
North Carolina,Pitt County,2020,173643
North Carolina,Iredell County,2017,173834
North Carolina,New Hanover County,2008,174092
North Carolina,Cabarrus County,2008,174299
North Carolina,Davidson County,2023,174887
North Carolina,Onslow County,2008,175276
North Carolina,Pitt County,2021,175491
North Carolina,Alamance County,2022,176544
North Carolina,Pitt County,2022,177090
North Carolina,Onslow County,2009,177606
North Carolina,Davidson County,2024,177809
North Carolina,Gaston County,2005,177907
North Carolina,Johnston County,2015,178180
North Carolina,Iredell County,2018,178376
North Carolina,New Hanover County,2009,178458
North Carolina,Union County,2010,178459
North Carolina,Cabarrus County,2009,178716
North Carolina,Pitt County,2023,178956
North Carolina,Alamance County,2023,179617
North Carolina,Onslow County,2010,179937
North Carolina,Pitt County,2024,180783
North Carolina,Gaston County,2006,181258
North Carolina,Onslow County,2011,182268
North Carolina,New Hanover County,2010,182825
North Carolina,Iredell County,2019,182918
North Carolina,Alamance County,2024,183040
North Carolina,Cabarrus County,2010,183133
North Carolina,Union County,2011,184501
North Carolina,Onslow County,2012,184599
North Carolina,Gaston County,2007,184610
North Carolina,Johnston County,2016,186192
North Carolina,Onslow County,2013,186929
North Carolina,New Hanover County,2011,187192
North Carolina,Cabarrus County,2011,187549
North Carolina,Iredell County,2020,187696
North Carolina,Gaston County,2008,187961
North Carolina,Onslow County,2014,189260
North Carolina,Union County,2012,190542
North Carolina,Gaston County,2009,191312
North Carolina,New Hanover County,2012,191559
North Carolina,Onslow County,2015,191591
North Carolina,Cabarrus County,2012,191966
North Carolina,Iredell County,2021,192222
North Carolina,Onslow County,2016,193921
North Carolina,Johnston County,2017,194204
North Carolina,Gaston County,2010,194664
North Carolina,New Hanover County,2013,195926
North Carolina,Iredell County,2022,196129
North Carolina,Onslow County,2017,196252
North Carolina,Cabarrus County,2013,196383
North Carolina,Union County,2013,196584
North Carolina,Gaston County,2011,198015
North Carolina,Onslow County,2018,198583
North Carolina,New Hanover County,2014,200293
North Carolina,Iredell County,2023,200311
North Carolina,Cabarrus County,2014,200799
North Carolina,Onslow County,2019,200913
North Carolina,Gaston County,2012,201367
North Carolina,Johnston County,2018,202216
North Carolina,Union County,2014,202625
North Carolina,Onslow County,2021,203563
North Carolina,New Hanover County,2015,204660
North Carolina,Gaston County,2013,204718
North Carolina,Onslow County,2020,205111
North Carolina,Cabarrus County,2015,205216
North Carolina,Iredell County,2024,206361
North Carolina,Onslow County,2022,206718
North Carolina,Gaston County,2014,208069
North Carolina,Union County,2015,208667
North Carolina,New Hanover County,2016,209027
North Carolina,Cabarrus County,2016,209633
North Carolina,Johnston County,2019,210227
North Carolina,Onslow County,2023,211184
North Carolina,Gaston County,2015,211421
North Carolina,Onslow County,2024,212954
North Carolina,New Hanover County,2017,213394
North Carolina,Cabarrus County,2017,214049
North Carolina,Union County,2016,214708
North Carolina,Gaston County,2016,214772
North Carolina,Johnston County,2020,217426
North Carolina,New Hanover County,2018,217761
North Carolina,Gaston County,2017,218124
North Carolina,Cabarrus County,2018,218466
North Carolina,Union County,2017,220750
North Carolina,Gaston County,2018,221475
North Carolina,New Hanover County,2019,222127
North Carolina,Cabarrus County,2019,222883
North Carolina,Gaston County,2019,224826
North Carolina,New Hanover County,2020,226442
North Carolina,Union County,2018,226791
North Carolina,Johnston County,2021,226976
North Carolina,Cabarrus County,2020,227235
North Carolina,Gaston County,2020,228625
North Carolina,New Hanover County,2021,230167
North Carolina,Gaston County,2021,231409
North Carolina,Cabarrus County,2021,231821
North Carolina,Union County,2019,232833
North Carolina,Buncombe County,2005,233870
North Carolina,Gaston County,2022,234208
North Carolina,Johnston County,2022,234762
North Carolina,Cabarrus County,2022,236078
North Carolina,New Hanover County,2022,236147
North Carolina,Buncombe County,2006,236252
North Carolina,Gaston County,2023,238153
North Carolina,Buncombe County,2007,238634
North Carolina,Union County,2020,239688
North Carolina,New Hanover County,2023,240054
North Carolina,Cabarrus County,2023,240608
North Carolina,Buncombe County,2008,241016
North Carolina,Gaston County,2024,242010
North Carolina,Johnston County,2023,242358
North Carolina,Durham County,2005,242834
North Carolina,New Hanover County,2024,243333
North Carolina,Buncombe County,2009,243397
North Carolina,Union County,2021,244491
North Carolina,Cabarrus County,2024,244925
North Carolina,Buncombe County,2010,245779
North Carolina,Durham County,2006,248100
North Carolina,Buncombe County,2011,248161
North Carolina,Union County,2022,249714
North Carolina,Johnston County,2024,249794
North Carolina,Buncombe County,2012,250542
North Carolina,Buncombe County,2013,252924
North Carolina,Durham County,2007,253366
North Carolina,Buncombe County,2014,255306
North Carolina,Union County,2023,257510
North Carolina,Buncombe County,2015,257687
North Carolina,Durham County,2008,258631
North Carolina,Buncombe County,2016,260069
North Carolina,Buncombe County,2017,262451
North Carolina,Union County,2024,263386
North Carolina,Durham County,2009,263897
North Carolina,Buncombe County,2018,264833
North Carolina,Buncombe County,2019,267214
North Carolina,Durham County,2010,269163
North Carolina,Buncombe County,2020,269704
North Carolina,Buncombe County,2021,271984
North Carolina,Buncombe County,2022,274112
North Carolina,Durham County,2011,274429
North Carolina,Buncombe County,2023,276789
North Carolina,Buncombe County,2024,279210
North Carolina,Durham County,2012,279695
North Carolina,Durham County,2013,284960
North Carolina,Durham County,2014,290226
North Carolina,Durham County,2015,295492
North Carolina,Durham County,2016,300758
North Carolina,Durham County,2017,306024
North Carolina,Durham County,2018,311289
North Carolina,Durham County,2019,316555
North Carolina,Durham County,2020,322505
North Carolina,Forsyth County,2005,323506
North Carolina,Durham County,2021,326826
North Carolina,Forsyth County,2006,327416
North Carolina,Forsyth County,2007,331326
North Carolina,Durham County,2022,331568
North Carolina,Forsyth County,2008,335236
North Carolina,Cumberland County,2005,336406
North Carolina,Cumberland County,2006,336532
North Carolina,Cumberland County,2007,336658
North Carolina,Cumberland County,2008,336784
North Carolina,Cumberland County,2009,336910
North Carolina,Cumberland County,2010,337035
North Carolina,Cumberland County,2011,337161
North Carolina,Cumberland County,2020,337195
North Carolina,Durham County,2023,337238
North Carolina,Cumberland County,2012,337287
North Carolina,Cumberland County,2013,337413
North Carolina,Cumberland County,2014,337539
North Carolina,Cumberland County,2015,337664
North Carolina,Cumberland County,2016,337790
North Carolina,Cumberland County,2017,337916
North Carolina,Cumberland County,2018,338042
North Carolina,Cumberland County,2019,338168
North Carolina,Cumberland County,2023,338411
North Carolina,Cumberland County,2024,338430
North Carolina,Cumberland County,2022,339068
North Carolina,Forsyth County,2009,339146
North Carolina,Cumberland County,2021,339623
North Carolina,Forsyth County,2010,343056
North Carolina,Durham County,2024,343628
North Carolina,Forsyth County,2011,346966
North Carolina,Forsyth County,2012,350876
North Carolina,Forsyth County,2013,354786
North Carolina,Forsyth County,2014,358696
North Carolina,Forsyth County,2015,362606
North Carolina,Forsyth County,2016,366516
North Carolina,Forsyth County,2017,370426
North Carolina,Forsyth County,2018,374336
North Carolina,Forsyth County,2019,378246
North Carolina,Forsyth County,2020,382634
North Carolina,Forsyth County,2021,385753
North Carolina,Forsyth County,2022,389519
North Carolina,Forsyth County,2023,393835
North Carolina,Forsyth County,2024,398143
North Carolina,Guilford County,2005,461342
North Carolina,Guilford County,2006,466436
North Carolina,Guilford County,2007,471530
North Carolina,Guilford County,2008,476624
North Carolina,Guilford County,2009,481718
North Carolina,Guilford County,2010,486812
North Carolina,Guilford County,2011,491906
North Carolina,Guilford County,2012,497000
North Carolina,Guilford County,2013,502094
North Carolina,Guilford County,2014,507188
North Carolina,Guilford County,2015,512282
North Carolina,Guilford County,2016,517376
North Carolina,Guilford County,2017,522470
North Carolina,Guilford County,2018,527564
North Carolina,Guilford County,2019,532658
North Carolina,Guilford County,2020,538761
North Carolina,Guilford County,2021,542050
North Carolina,Guilford County,2022,547195
North Carolina,Guilford County,2023,552880
North Carolina,Guilford County,2024,558816
North Carolina,Wake County,2005,746397
North Carolina,Mecklenburg County,2005,761992
North Carolina,Wake County,2006,771824
North Carolina,Mecklenburg County,2006,785091
North Carolina,Wake County,2007,797251
North Carolina,Mecklenburg County,2007,808191
North Carolina,Wake County,2008,822677
North Carolina,Mecklenburg County,2008,831290
North Carolina,Wake County,2009,848104
North Carolina,Mecklenburg County,2009,854389
North Carolina,Wake County,2010,873531
North Carolina,Mecklenburg County,2010,877489
North Carolina,Wake County,2011,898958
North Carolina,Mecklenburg County,2011,900588
North Carolina,Mecklenburg County,2012,923687
North Carolina,Wake County,2012,924385
North Carolina,Mecklenburg County,2013,946787
North Carolina,Wake County,2013,949811
North Carolina,Mecklenburg County,2014,969886
North Carolina,Wake County,2014,975238
North Carolina,Mecklenburg County,2015,992985
North Carolina,Wake County,2015,1000665
North Carolina,Mecklenburg County,2016,1016084
North Carolina,Wake County,2016,1026092
North Carolina,Mecklenburg County,2017,1039184
North Carolina,Wake County,2017,1051519
North Carolina,Mecklenburg County,2018,1062283
North Carolina,Wake County,2018,1076945
North Carolina,Mecklenburg County,2019,1085382
North Carolina,Wake County,2019,1102372
North Carolina,Mecklenburg County,2020,1116263
North Carolina,Mecklenburg County,2021,1125279
North Carolina,Wake County,2020,1130694
North Carolina,Mecklenburg County,2022,1149349
North Carolina,Wake County,2021,1152626
North Carolina,Wake County,2022,1174107
North Carolina,Mecklenburg County,2023,1176228
North Carolina,Wake County,2023,1203394
North Carolina,Mecklenburg County,2024,1206285
North Carolina,Wake County,2024,1232444
