State,County,Year,Unemployment_Rate
North Carolina,Alamance,2005,5.97
North Carolina,Alamance,2006,6.29
North Carolina,Alamance,2007,6.3
North Carolina,Alamance,2008,6.32
North Carolina,Alamance,2009,6.29
North Carolina,Alamance,2010,6.45
North Carolina,Alamance,2011,6.53
North Carolina,Alamance,2012,6.74
North Carolina,Alamance,2013,6.53
North Carolina,Alamance,2014,6.16
North Carolina,Alamance,2015,6.09
North Carolina,Alamance,2016,6.2
North Carolina,Alamance,2017,6.26
North Carolina,Alamance,2018,6.18
North Carolina,Alamance,2019,6.04
North Carolina,Alamance,2020,5.78
North Carolina,Alamance,2021,6.25
North Carolina,Alamance,2022,6.71
North Carolina,Alamance,2023,6.55
North Carolina,Alamance,2024,6.59
North Carolina,Alexander,2005,7.21
North Carolina,Alexander,2006,7.17
North Carolina,Alexander,2007,7.16
North Carolina,Alexander,2008,7.25
North Carolina,Alexander,2009,7.22
North Carolina,Alexander,2010,6.76
North Carolina,Alexander,2011,6.75
North Carolina,Alexander,2012,6.87
North Carolina,Alexander,2013,6.84
North Carolina,Alexander,2014,6.94
North Carolina,Alexander,2015,6.71
North Carolina,Alexander,2016,7.2
North Carolina,Alexander,2017,7.4
North Carolina,Alexander,2018,7.4
North Carolina,Alexander,2019,7.66
North Carolina,Alexander,2020,8.25
North Carolina,Alexander,2021,8.56
North Carolina,Alexander,2022,9.4
North Carolina,Alexander,2023,9.09
North Carolina,Alexander,2024,8.57
North Carolina,Alleghany,2005,7.64
North Carolina,Alleghany,2006,7.75
North Carolina,Alleghany,2007,7.73
North Carolina,Alleghany,2008,7.94
North Carolina,Alleghany,2009,7.88
North Carolina,Alleghany,2010,7.91
North Carolina,Alleghany,2011,7.8
North Carolina,Alleghany,2012,7.42
North Carolina,Alleghany,2013,7.79
North Carolina,Alleghany,2014,7.95
North Carolina,Alleghany,2015,8.0
North Carolina,Alleghany,2016,7.97
North Carolina,Alleghany,2017,8.26
North Carolina,Alleghany,2018,8.69
North Carolina,Alleghany,2019,7.77
North Carolina,Alleghany,2020,7.56
North Carolina,Alleghany,2021,7.66
North Carolina,Alleghany,2022,7.78
North Carolina,Alleghany,2023,7.69
North Carolina,Alleghany,2024,7.53
North Carolina,Anson,2005,5.8
North Carolina,Anson,2006,6.05
North Carolina,Anson,2007,5.98
North Carolina,Anson,2008,5.89
North Carolina,Anson,2009,6.22
North Carolina,Anson,2010,6.02
North Carolina,Anson,2011,5.39
North Carolina,Anson,2012,5.31
North Carolina,Anson,2013,5.34
North Carolina,Anson,2014,5.49
North Carolina,Anson,2015,5.93
North Carolina,Anson,2016,6.2
North Carolina,Anson,2017,6.08
North Carolina,Anson,2018,5.9
North Carolina,Anson,2019,5.59
North Carolina,Anson,2020,5.8
North Carolina,Anson,2021,5.72
North Carolina,Anson,2022,5.61
North Carolina,Anson,2023,5.84
North Carolina,Anson,2024,5.83
North Carolina,Ashe,2005,4.6
North Carolina,Ashe,2006,4.75
North Carolina,Ashe,2007,4.81
North Carolina,Ashe,2008,4.7
North Carolina,Ashe,2009,5.1
North Carolina,Ashe,2010,4.65
North Carolina,Ashe,2011,4.62
North Carolina,Ashe,2012,4.66
North Carolina,Ashe,2013,4.52
North Carolina,Ashe,2014,4.84
North Carolina,Ashe,2015,5.17
North Carolina,Ashe,2016,5.25
North Carolina,Ashe,2017,5.38
North Carolina,Ashe,2018,5.53
North Carolina,Ashe,2019,5.34
North Carolina,Ashe,2020,5.38
North Carolina,Ashe,2021,5.5
North Carolina,Ashe,2022,5.36
North Carolina,Ashe,2023,5.39
North Carolina,Ashe,2024,5.26
North Carolina,Avery,2005,5.79
North Carolina,Avery,2006,5.74
North Carolina,Avery,2007,5.09
North Carolina,Avery,2008,5.13
North Carolina,Avery,2009,4.87
North Carolina,Avery,2010,5.25
North Carolina,Avery,2011,5.56
North Carolina,Avery,2012,5.61
North Carolina,Avery,2013,4.93
North Carolina,Avery,2014,4.35
North Carolina,Avery,2015,4.49
North Carolina,Avery,2016,4.11
North Carolina,Avery,2017,4.23
North Carolina,Avery,2018,4.22
North Carolina,Avery,2019,4.29
North Carolina,Avery,2020,4.11
North Carolina,Avery,2021,4.22
North Carolina,Avery,2022,4.05
North Carolina,Avery,2023,4.09
North Carolina,Avery,2024,4.26
North Carolina,Beaufort,2005,3.59
North Carolina,Beaufort,2006,3.12
North Carolina,Beaufort,2007,2.96
North Carolina,Beaufort,2008,3.38
North Carolina,Beaufort,2009,3.39
North Carolina,Beaufort,2010,3.74
North Carolina,Beaufort,2011,4.05
North Carolina,Beaufort,2012,4.11
North Carolina,Beaufort,2013,3.62
North Carolina,Beaufort,2014,3.98
North Carolina,Beaufort,2015,4.09
North Carolina,Beaufort,2016,4.5
North Carolina,Beaufort,2017,4.81
North Carolina,Beaufort,2018,4.6
North Carolina,Beaufort,2019,4.86
North Carolina,Beaufort,2020,4.26
North Carolina,Beaufort,2021,4.67
North Carolina,Beaufort,2022,4.54
North Carolina,Beaufort,2023,4.45
North Carolina,Beaufort,2024,4.47
North Carolina,Bertie,2005,6.34
North Carolina,Bertie,2006,6.18
North Carolina,Bertie,2007,5.74
North Carolina,Bertie,2008,6.17
North Carolina,Bertie,2009,6.8
North Carolina,Bertie,2010,6.53
North Carolina,Bertie,2011,6.62
North Carolina,Bertie,2012,6.35
North Carolina,Bertie,2013,6.21
North Carolina,Bertie,2014,6.18
North Carolina,Bertie,2015,5.93
North Carolina,Bertie,2016,6.52
North Carolina,Bertie,2017,6.82
North Carolina,Bertie,2018,6.57
North Carolina,Bertie,2019,6.41
North Carolina,Bertie,2020,6.56
North Carolina,Bertie,2021,6.69
North Carolina,Bertie,2022,6.74
North Carolina,Bertie,2023,6.22
North Carolina,Bertie,2024,6.3
North Carolina,Bladen,2005,6.01
North Carolina,Bladen,2006,6.19
North Carolina,Bladen,2007,6.13
North Carolina,Bladen,2008,6.25
North Carolina,Bladen,2009,6.35
North Carolina,Bladen,2010,5.95
North Carolina,Bladen,2011,5.63
North Carolina,Bladen,2012,5.98
North Carolina,Bladen,2013,5.72
North Carolina,Bladen,2014,6.22
North Carolina,Bladen,2015,6.06
North Carolina,Bladen,2016,5.98
North Carolina,Bladen,2017,6.16
North Carolina,Bladen,2018,5.71
North Carolina,Bladen,2019,5.64
North Carolina,Bladen,2020,5.42
North Carolina,Bladen,2021,6.17
North Carolina,Bladen,2022,6.0
North Carolina,Bladen,2023,6.02
North Carolina,Bladen,2024,6.18
North Carolina,Brunswick,2005,3.66
North Carolina,Brunswick,2006,3.52
North Carolina,Brunswick,2007,3.77
North Carolina,Brunswick,2008,3.4
North Carolina,Brunswick,2009,3.9
North Carolina,Brunswick,2010,3.67
North Carolina,Brunswick,2011,3.91
North Carolina,Brunswick,2012,3.62
North Carolina,Brunswick,2013,3.45
North Carolina,Brunswick,2014,3.87
North Carolina,Brunswick,2015,3.68
North Carolina,Brunswick,2016,3.52
North Carolina,Brunswick,2017,3.36
North Carolina,Brunswick,2018,3.01
North Carolina,Brunswick,2019,3.33
North Carolina,Brunswick,2020,3.18
North Carolina,Brunswick,2021,3.01
North Carolina,Brunswick,2022,3.4
North Carolina,Brunswick,2023,3.29
North Carolina,Brunswick,2024,3.21
North Carolina,Buncombe,2005,5.19
North Carolina,Buncombe,2006,5.16
North Carolina,Buncombe,2007,4.86
North Carolina,Buncombe,2008,5.03
North Carolina,Buncombe,2009,5.17
North Carolina,Buncombe,2010,4.67
North Carolina,Buncombe,2011,4.97
North Carolina,Buncombe,2012,4.58
North Carolina,Buncombe,2013,4.68
North Carolina,Buncombe,2014,4.82
North Carolina,Buncombe,2015,4.71
North Carolina,Buncombe,2016,5.08
North Carolina,Buncombe,2017,4.7
North Carolina,Buncombe,2018,4.4
North Carolina,Buncombe,2019,4.4
North Carolina,Buncombe,2020,4.61
North Carolina,Buncombe,2021,4.73
North Carolina,Buncombe,2022,4.59
North Carolina,Buncombe,2023,4.47
North Carolina,Buncombe,2024,4.4
North Carolina,Burke,2005,7.79
North Carolina,Burke,2006,7.41
North Carolina,Burke,2007,7.27
North Carolina,Burke,2008,7.56
North Carolina,Burke,2009,7.38
North Carolina,Burke,2010,7.75
North Carolina,Burke,2011,7.81
North Carolina,Burke,2012,7.29
North Carolina,Burke,2013,6.86
North Carolina,Burke,2014,6.86
North Carolina,Burke,2015,6.86
North Carolina,Burke,2016,7.13
North Carolina,Burke,2017,7.18
North Carolina,Burke,2018,7.8
North Carolina,Burke,2019,7.88
North Carolina,Burke,2020,8.47
North Carolina,Burke,2021,8.24
North Carolina,Burke,2022,8.37
North Carolina,Burke,2023,8.74
North Carolina,Burke,2024,9.21
North Carolina,Cabarrus,2005,6.35
North Carolina,Cabarrus,2006,6.41
North Carolina,Cabarrus,2007,6.23
North Carolina,Cabarrus,2008,6.23
North Carolina,Cabarrus,2009,6.11
North Carolina,Cabarrus,2010,6.19
North Carolina,Cabarrus,2011,6.28
North Carolina,Cabarrus,2012,5.83
North Carolina,Cabarrus,2013,5.86
North Carolina,Cabarrus,2014,5.51
North Carolina,Cabarrus,2015,5.49
North Carolina,Cabarrus,2016,5.63
North Carolina,Cabarrus,2017,6.11
North Carolina,Cabarrus,2018,6.05
North Carolina,Cabarrus,2019,5.78
North Carolina,Cabarrus,2020,5.57
North Carolina,Cabarrus,2021,5.73
North Carolina,Cabarrus,2022,5.88
North Carolina,Cabarrus,2023,6.13
North Carolina,Cabarrus,2024,5.9
North Carolina,Caldwell,2005,4.44
North Carolina,Caldwell,2006,4.66
North Carolina,Caldwell,2007,4.55
North Carolina,Caldwell,2008,4.82
North Carolina,Caldwell,2009,4.99
North Carolina,Caldwell,2010,4.47
North Carolina,Caldwell,2011,4.72
North Carolina,Caldwell,2012,4.37
North Carolina,Caldwell,2013,3.96
North Carolina,Caldwell,2014,3.76
North Carolina,Caldwell,2015,4.03
North Carolina,Caldwell,2016,4.05
North Carolina,Caldwell,2017,4.23
North Carolina,Caldwell,2018,4.23
North Carolina,Caldwell,2019,4.52
North Carolina,Caldwell,2020,4.43
North Carolina,Caldwell,2021,5.04
North Carolina,Caldwell,2022,5.06
North Carolina,Caldwell,2023,4.93
North Carolina,Caldwell,2024,5.33
North Carolina,Camden,2005,3.29
North Carolina,Camden,2006,2.99
North Carolina,Camden,2007,3.01
North Carolina,Camden,2008,2.85
North Carolina,Camden,2009,2.73
North Carolina,Camden,2010,2.81
North Carolina,Camden,2011,2.65
North Carolina,Camden,2012,2.5
North Carolina,Camden,2013,2.5
North Carolina,Camden,2014,2.5
North Carolina,Camden,2015,2.5
North Carolina,Camden,2016,2.65
North Carolina,Camden,2017,3.09
North Carolina,Camden,2018,3.52
North Carolina,Camden,2019,3.62
North Carolina,Camden,2020,3.14
North Carolina,Camden,2021,3.15
North Carolina,Camden,2022,3.14
North Carolina,Camden,2023,2.89
North Carolina,Camden,2024,3.15
North Carolina,Carteret,2005,4.51
North Carolina,Carteret,2006,3.93
North Carolina,Carteret,2007,3.88
North Carolina,Carteret,2008,3.9
North Carolina,Carteret,2009,3.71
North Carolina,Carteret,2010,3.82
North Carolina,Carteret,2011,3.7
North Carolina,Carteret,2012,4.09
North Carolina,Carteret,2013,4.6
North Carolina,Carteret,2014,4.97
North Carolina,Carteret,2015,5.37
North Carolina,Carteret,2016,5.72
North Carolina,Carteret,2017,5.99
North Carolina,Carteret,2018,5.83
North Carolina,Carteret,2019,5.3
North Carolina,Carteret,2020,5.17
North Carolina,Carteret,2021,5.02
North Carolina,Carteret,2022,5.19
North Carolina,Carteret,2023,4.94
North Carolina,Carteret,2024,4.52
North Carolina,Caswell,2005,6.31
North Carolina,Caswell,2006,6.1
North Carolina,Caswell,2007,6.14
North Carolina,Caswell,2008,6.37
North Carolina,Caswell,2009,6.09
North Carolina,Caswell,2010,6.04
North Carolina,Caswell,2011,5.7
North Carolina,Caswell,2012,5.48
North Carolina,Caswell,2013,4.91
North Carolina,Caswell,2014,5.2
North Carolina,Caswell,2015,5.37
North Carolina,Caswell,2016,4.96
North Carolina,Caswell,2017,4.89
North Carolina,Caswell,2018,4.91
North Carolina,Caswell,2019,4.92
North Carolina,Caswell,2020,4.58
North Carolina,Caswell,2021,4.02
North Carolina,Caswell,2022,4.12
North Carolina,Caswell,2023,3.73
North Carolina,Caswell,2024,3.7
North Carolina,Catawba,2005,5.92
North Carolina,Catawba,2006,6.59
North Carolina,Catawba,2007,6.61
North Carolina,Catawba,2008,6.77
North Carolina,Catawba,2009,6.7
North Carolina,Catawba,2010,6.85
North Carolina,Catawba,2011,7.01
North Carolina,Catawba,2012,7.14
North Carolina,Catawba,2013,7.53
North Carolina,Catawba,2014,7.11
North Carolina,Catawba,2015,7.23
North Carolina,Catawba,2016,7.12
North Carolina,Catawba,2017,6.99
North Carolina,Catawba,2018,6.69
North Carolina,Catawba,2019,6.78
North Carolina,Catawba,2020,7.41
North Carolina,Catawba,2021,7.26
North Carolina,Catawba,2022,7.15
North Carolina,Catawba,2023,7.33
North Carolina,Catawba,2024,7.49
North Carolina,Chatham,2005,8.5
North Carolina,Chatham,2006,8.67
North Carolina,Chatham,2007,8.98
North Carolina,Chatham,2008,8.96
North Carolina,Chatham,2009,8.75
North Carolina,Chatham,2010,8.75
North Carolina,Chatham,2011,8.81
North Carolina,Chatham,2012,8.22
North Carolina,Chatham,2013,8.23
North Carolina,Chatham,2014,8.64
North Carolina,Chatham,2015,8.12
North Carolina,Chatham,2016,7.66
North Carolina,Chatham,2017,7.45
North Carolina,Chatham,2018,7.25
North Carolina,Chatham,2019,6.97
North Carolina,Chatham,2020,6.97
North Carolina,Chatham,2021,7.17
North Carolina,Chatham,2022,7.6
North Carolina,Chatham,2023,7.87
North Carolina,Chatham,2024,8.44
North Carolina,Cherokee,2005,4.82
North Carolina,Cherokee,2006,4.76
North Carolina,Cherokee,2007,4.51
North Carolina,Cherokee,2008,4.43
North Carolina,Cherokee,2009,4.7
North Carolina,Cherokee,2010,4.62
North Carolina,Cherokee,2011,4.64
North Carolina,Cherokee,2012,4.73
North Carolina,Cherokee,2013,5.05
North Carolina,Cherokee,2014,5.09
North Carolina,Cherokee,2015,5.74
North Carolina,Cherokee,2016,5.26
North Carolina,Cherokee,2017,5.46
North Carolina,Cherokee,2018,5.2
North Carolina,Cherokee,2019,5.0
North Carolina,Cherokee,2020,4.84
North Carolina,Cherokee,2021,4.58
North Carolina,Cherokee,2022,4.36
North Carolina,Cherokee,2023,4.67
North Carolina,Cherokee,2024,5.18
North Carolina,Chowan,2005,5.05
North Carolina,Chowan,2006,5.56
North Carolina,Chowan,2007,6.24
North Carolina,Chowan,2008,6.34
North Carolina,Chowan,2009,6.42
North Carolina,Chowan,2010,6.35
North Carolina,Chowan,2011,6.58
North Carolina,Chowan,2012,6.9
North Carolina,Chowan,2013,6.89
North Carolina,Chowan,2014,6.43
North Carolina,Chowan,2015,6.46
North Carolina,Chowan,2016,6.27
North Carolina,Chowan,2017,5.74
North Carolina,Chowan,2018,5.44
North Carolina,Chowan,2019,4.85
North Carolina,Chowan,2020,4.19
North Carolina,Chowan,2021,3.98
North Carolina,Chowan,2022,4.1
North Carolina,Chowan,2023,4.26
North Carolina,Chowan,2024,3.64
North Carolina,Clay,2005,4.97
North Carolina,Clay,2006,5.09
North Carolina,Clay,2007,5.46
North Carolina,Clay,2008,4.95
North Carolina,Clay,2009,4.71
North Carolina,Clay,2010,4.68
North Carolina,Clay,2011,4.69
North Carolina,Clay,2012,4.55
North Carolina,Clay,2013,4.54
North Carolina,Clay,2014,4.44
North Carolina,Clay,2015,4.1
North Carolina,Clay,2016,4.16
North Carolina,Clay,2017,3.78
North Carolina,Clay,2018,3.92
North Carolina,Clay,2019,4.06
North Carolina,Clay,2020,4.22
North Carolina,Clay,2021,3.79
North Carolina,Clay,2022,3.81
North Carolina,Clay,2023,3.46
North Carolina,Clay,2024,2.79
North Carolina,Cleveland,2005,6.07
North Carolina,Cleveland,2006,5.76
North Carolina,Cleveland,2007,6.11
North Carolina,Cleveland,2008,5.96
North Carolina,Cleveland,2009,6.29
North Carolina,Cleveland,2010,5.98
North Carolina,Cleveland,2011,6.02
North Carolina,Cleveland,2012,5.49
North Carolina,Cleveland,2013,5.87
North Carolina,Cleveland,2014,6.17
North Carolina,Cleveland,2015,6.59
North Carolina,Cleveland,2016,6.35
North Carolina,Cleveland,2017,6.41
North Carolina,Cleveland,2018,6.44
North Carolina,Cleveland,2019,6.79
North Carolina,Cleveland,2020,6.67
North Carolina,Cleveland,2021,6.67
North Carolina,Cleveland,2022,7.11
North Carolina,Cleveland,2023,7.31
North Carolina,Cleveland,2024,7.41
North Carolina,Columbus,2005,5.63
North Carolina,Columbus,2006,5.25
North Carolina,Columbus,2007,5.0
North Carolina,Columbus,2008,4.85
North Carolina,Columbus,2009,4.98
North Carolina,Columbus,2010,5.58
North Carolina,Columbus,2011,5.29
North Carolina,Columbus,2012,4.65
North Carolina,Columbus,2013,4.75
North Carolina,Columbus,2014,4.6
North Carolina,Columbus,2015,4.31
North Carolina,Columbus,2016,4.31
North Carolina,Columbus,2017,4.24
North Carolina,Columbus,2018,4.27
North Carolina,Columbus,2019,4.08
North Carolina,Columbus,2020,4.13
North Carolina,Columbus,2021,4.27
North Carolina,Columbus,2022,4.07
North Carolina,Columbus,2023,4.35
North Carolina,Columbus,2024,3.88
North Carolina,Craven,2005,6.46
North Carolina,Craven,2006,6.43
North Carolina,Craven,2007,6.14
North Carolina,Craven,2008,6.19
North Carolina,Craven,2009,6.34
North Carolina,Craven,2010,6.11
North Carolina,Craven,2011,6.31
North Carolina,Craven,2012,6.19
North Carolina,Craven,2013,6.4
North Carolina,Craven,2014,6.66
North Carolina,Craven,2015,6.62
North Carolina,Craven,2016,6.88
North Carolina,Craven,2017,6.85
North Carolina,Craven,2018,7.22
North Carolina,Craven,2019,6.58
North Carolina,Craven,2020,6.71
North Carolina,Craven,2021,6.57
North Carolina,Craven,2022,6.69
North Carolina,Craven,2023,7.03
North Carolina,Craven,2024,6.74
North Carolina,Cumberland,2005,6.75
North Carolina,Cumberland,2006,6.79
North Carolina,Cumberland,2007,6.76
North Carolina,Cumberland,2008,6.82
North Carolina,Cumberland,2009,7.13
North Carolina,Cumberland,2010,6.99
North Carolina,Cumberland,2011,6.39
North Carolina,Cumberland,2012,6.51
North Carolina,Cumberland,2013,6.71
North Carolina,Cumberland,2014,7.11
North Carolina,Cumberland,2015,7.19
North Carolina,Cumberland,2016,6.76
North Carolina,Cumberland,2017,6.54
North Carolina,Cumberland,2018,6.12
North Carolina,Cumberland,2019,6.43
North Carolina,Cumberland,2020,6.57
North Carolina,Cumberland,2021,6.38
North Carolina,Cumberland,2022,6.92
North Carolina,Cumberland,2023,6.72
North Carolina,Cumberland,2024,6.76
North Carolina,Currituck,2005,4.77
North Carolina,Currituck,2006,4.9
North Carolina,Currituck,2007,4.98
North Carolina,Currituck,2008,4.9
North Carolina,Currituck,2009,4.4
North Carolina,Currituck,2010,4.05
North Carolina,Currituck,2011,4.09
North Carolina,Currituck,2012,3.73
North Carolina,Currituck,2013,3.69
North Carolina,Currituck,2014,4.24
North Carolina,Currituck,2015,3.59
North Carolina,Currituck,2016,3.69
North Carolina,Currituck,2017,3.7
North Carolina,Currituck,2018,3.75
North Carolina,Currituck,2019,3.31
North Carolina,Currituck,2020,3.64
North Carolina,Currituck,2021,3.83
North Carolina,Currituck,2022,3.17
North Carolina,Currituck,2023,3.23
North Carolina,Currituck,2024,2.95
North Carolina,Dare,2005,4.67
North Carolina,Dare,2006,4.51
North Carolina,Dare,2007,4.53
North Carolina,Dare,2008,4.5
North Carolina,Dare,2009,4.97
North Carolina,Dare,2010,4.5
North Carolina,Dare,2011,4.78
North Carolina,Dare,2012,4.89
North Carolina,Dare,2013,5.51
North Carolina,Dare,2014,5.71
North Carolina,Dare,2015,5.12
North Carolina,Dare,2016,5.04
North Carolina,Dare,2017,5.09
North Carolina,Dare,2018,4.97
North Carolina,Dare,2019,4.99
North Carolina,Dare,2020,5.3
North Carolina,Dare,2021,5.08
North Carolina,Dare,2022,5.13
North Carolina,Dare,2023,4.86
North Carolina,Dare,2024,5.07
North Carolina,Davidson,2005,6.06
North Carolina,Davidson,2006,5.93
North Carolina,Davidson,2007,5.68
North Carolina,Davidson,2008,5.88
North Carolina,Davidson,2009,5.55
North Carolina,Davidson,2010,5.46
North Carolina,Davidson,2011,5.59
North Carolina,Davidson,2012,5.75
North Carolina,Davidson,2013,5.59
North Carolina,Davidson,2014,5.59
North Carolina,Davidson,2015,5.82
North Carolina,Davidson,2016,5.56
North Carolina,Davidson,2017,6.02
North Carolina,Davidson,2018,6.41
North Carolina,Davidson,2019,5.95
North Carolina,Davidson,2020,5.96
North Carolina,Davidson,2021,6.29
North Carolina,Davidson,2022,5.9
North Carolina,Davidson,2023,5.78
North Carolina,Davidson,2024,5.2
North Carolina,Davie,2005,6.03
North Carolina,Davie,2006,6.13
North Carolina,Davie,2007,6.53
North Carolina,Davie,2008,6.79
North Carolina,Davie,2009,6.79
North Carolina,Davie,2010,6.85
North Carolina,Davie,2011,6.67
North Carolina,Davie,2012,6.75
North Carolina,Davie,2013,6.87
North Carolina,Davie,2014,6.96
North Carolina,Davie,2015,7.63
North Carolina,Davie,2016,7.35
North Carolina,Davie,2017,7.47
North Carolina,Davie,2018,7.69
North Carolina,Davie,2019,6.95
North Carolina,Davie,2020,6.86
North Carolina,Davie,2021,6.57
North Carolina,Davie,2022,6.85
North Carolina,Davie,2023,6.96
North Carolina,Davie,2024,6.8
North Carolina,Duplin,2005,5.15
North Carolina,Duplin,2006,5.28
North Carolina,Duplin,2007,5.25
North Carolina,Duplin,2008,5.08
North Carolina,Duplin,2009,4.89
North Carolina,Duplin,2010,4.93
North Carolina,Duplin,2011,4.62
North Carolina,Duplin,2012,4.74
North Carolina,Duplin,2013,4.59
North Carolina,Duplin,2014,4.5
North Carolina,Duplin,2015,4.1
North Carolina,Duplin,2016,4.14
North Carolina,Duplin,2017,4.42
North Carolina,Duplin,2018,4.65
North Carolina,Duplin,2019,4.95
North Carolina,Duplin,2020,4.92
North Carolina,Duplin,2021,5.19
North Carolina,Duplin,2022,5.14
North Carolina,Duplin,2023,5.32
North Carolina,Duplin,2024,5.75
North Carolina,Durham,2005,6.56
North Carolina,Durham,2006,7.27
North Carolina,Durham,2007,7.4
North Carolina,Durham,2008,7.34
North Carolina,Durham,2009,6.83
North Carolina,Durham,2010,7.25
North Carolina,Durham,2011,7.35
North Carolina,Durham,2012,7.39
North Carolina,Durham,2013,7.5
North Carolina,Durham,2014,6.84
North Carolina,Durham,2015,6.73
North Carolina,Durham,2016,6.48
North Carolina,Durham,2017,6.66
North Carolina,Durham,2018,5.98
North Carolina,Durham,2019,6.4
North Carolina,Durham,2020,6.67
North Carolina,Durham,2021,6.79
North Carolina,Durham,2022,6.43
North Carolina,Durham,2023,6.33
North Carolina,Durham,2024,6.48
North Carolina,Edgecombe,2005,7.98
North Carolina,Edgecombe,2006,8.15
North Carolina,Edgecombe,2007,7.86
North Carolina,Edgecombe,2008,7.95
North Carolina,Edgecombe,2009,7.99
North Carolina,Edgecombe,2010,7.75
North Carolina,Edgecombe,2011,7.42
North Carolina,Edgecombe,2012,7.37
North Carolina,Edgecombe,2013,7.15
North Carolina,Edgecombe,2014,6.81
North Carolina,Edgecombe,2015,7.18
North Carolina,Edgecombe,2016,7.09
North Carolina,Edgecombe,2017,7.28
North Carolina,Edgecombe,2018,7.45
North Carolina,Edgecombe,2019,7.75
North Carolina,Edgecombe,2020,7.78
North Carolina,Edgecombe,2021,7.35
North Carolina,Edgecombe,2022,7.64
North Carolina,Edgecombe,2023,7.98
North Carolina,Edgecombe,2024,7.81
North Carolina,Forsyth,2005,6.71
North Carolina,Forsyth,2006,6.65
North Carolina,Forsyth,2007,6.64
North Carolina,Forsyth,2008,6.14
North Carolina,Forsyth,2009,6.13
North Carolina,Forsyth,2010,6.01
North Carolina,Forsyth,2011,5.92
North Carolina,Forsyth,2012,6.94
North Carolina,Forsyth,2013,6.83
North Carolina,Forsyth,2014,6.8
North Carolina,Forsyth,2015,6.51
North Carolina,Forsyth,2016,6.72
North Carolina,Forsyth,2017,6.24
North Carolina,Forsyth,2018,6.35
North Carolina,Forsyth,2019,6.79
North Carolina,Forsyth,2020,7.42
North Carolina,Forsyth,2021,7.57
North Carolina,Forsyth,2022,7.57
North Carolina,Forsyth,2023,7.26
North Carolina,Forsyth,2024,6.97
North Carolina,Franklin,2005,3.91
North Carolina,Franklin,2006,3.6
North Carolina,Franklin,2007,3.43
North Carolina,Franklin,2008,3.29
North Carolina,Franklin,2009,3.56
North Carolina,Franklin,2010,3.52
North Carolina,Franklin,2011,3.78
North Carolina,Franklin,2012,3.74
North Carolina,Franklin,2013,4.07
North Carolina,Franklin,2014,4.33
North Carolina,Franklin,2015,3.91
North Carolina,Franklin,2016,3.58
North Carolina,Franklin,2017,3.68
North Carolina,Franklin,2018,3.47
North Carolina,Franklin,2019,3.47
North Carolina,Franklin,2020,3.62
North Carolina,Franklin,2021,3.47
North Carolina,Franklin,2022,3.58
North Carolina,Franklin,2023,3.82
North Carolina,Franklin,2024,3.46
North Carolina,Gaston,2005,6.5
North Carolina,Gaston,2006,6.63
North Carolina,Gaston,2007,6.78
North Carolina,Gaston,2008,7.26
North Carolina,Gaston,2009,6.97
North Carolina,Gaston,2010,6.78
North Carolina,Gaston,2011,6.12
North Carolina,Gaston,2012,6.29
North Carolina,Gaston,2013,6.3
North Carolina,Gaston,2014,6.4
North Carolina,Gaston,2015,6.95
North Carolina,Gaston,2016,7.11
North Carolina,Gaston,2017,7.35
North Carolina,Gaston,2018,7.41
North Carolina,Gaston,2019,7.62
North Carolina,Gaston,2020,7.55
North Carolina,Gaston,2021,7.48
North Carolina,Gaston,2022,7.76
North Carolina,Gaston,2023,7.69
North Carolina,Gaston,2024,7.64
North Carolina,Gates,2005,6.06
North Carolina,Gates,2006,6.49
North Carolina,Gates,2007,6.6
North Carolina,Gates,2008,6.78
North Carolina,Gates,2009,6.97
North Carolina,Gates,2010,6.81
North Carolina,Gates,2011,6.94
North Carolina,Gates,2012,7.11
North Carolina,Gates,2013,6.87
North Carolina,Gates,2014,7.04
North Carolina,Gates,2015,6.62
North Carolina,Gates,2016,6.86
North Carolina,Gates,2017,6.68
North Carolina,Gates,2018,6.39
North Carolina,Gates,2019,6.25
North Carolina,Gates,2020,6.52
North Carolina,Gates,2021,6.79
North Carolina,Gates,2022,6.79
North Carolina,Gates,2023,7.18
North Carolina,Gates,2024,7.61
North Carolina,Graham,2005,7.76
North Carolina,Graham,2006,7.98
North Carolina,Graham,2007,7.91
North Carolina,Graham,2008,8.34
North Carolina,Graham,2009,8.89
North Carolina,Graham,2010,8.87
North Carolina,Graham,2011,8.91
North Carolina,Graham,2012,9.3
North Carolina,Graham,2013,9.06
North Carolina,Graham,2014,9.03
North Carolina,Graham,2015,8.89
North Carolina,Graham,2016,8.71
North Carolina,Graham,2017,8.92
North Carolina,Graham,2018,8.11
North Carolina,Graham,2019,8.08
North Carolina,Graham,2020,8.11
North Carolina,Graham,2021,7.89
North Carolina,Graham,2022,8.3
North Carolina,Graham,2023,8.21
North Carolina,Graham,2024,8.39
North Carolina,Granville,2005,5.46
North Carolina,Granville,2006,4.89
North Carolina,Granville,2007,4.53
North Carolina,Granville,2008,4.44
North Carolina,Granville,2009,4.4
North Carolina,Granville,2010,4.59
North Carolina,Granville,2011,4.3
North Carolina,Granville,2012,4.52
North Carolina,Granville,2013,4.28
North Carolina,Granville,2014,4.01
North Carolina,Granville,2015,3.94
North Carolina,Granville,2016,4.14
North Carolina,Granville,2017,3.57
North Carolina,Granville,2018,3.62
North Carolina,Granville,2019,3.56
North Carolina,Granville,2020,3.63
North Carolina,Granville,2021,3.9
North Carolina,Granville,2022,3.96
North Carolina,Granville,2023,3.62
North Carolina,Granville,2024,3.37
North Carolina,Greene,2005,4.14
North Carolina,Greene,2006,3.65
North Carolina,Greene,2007,3.56
North Carolina,Greene,2008,3.4
North Carolina,Greene,2009,3.5
North Carolina,Greene,2010,3.65
North Carolina,Greene,2011,3.86
North Carolina,Greene,2012,3.61
North Carolina,Greene,2013,3.48
North Carolina,Greene,2014,3.69
North Carolina,Greene,2015,4.04
North Carolina,Greene,2016,4.27
North Carolina,Greene,2017,3.81
North Carolina,Greene,2018,3.68
North Carolina,Greene,2019,3.91
North Carolina,Greene,2020,3.85
North Carolina,Greene,2021,4.5
North Carolina,Greene,2022,4.54
North Carolina,Greene,2023,4.6
North Carolina,Greene,2024,4.59
North Carolina,Guilford,2005,5.76
North Carolina,Guilford,2006,6.35
North Carolina,Guilford,2007,5.95
North Carolina,Guilford,2008,5.95
North Carolina,Guilford,2009,6.62
North Carolina,Guilford,2010,6.74
North Carolina,Guilford,2011,6.66
North Carolina,Guilford,2012,6.95
North Carolina,Guilford,2013,6.95
North Carolina,Guilford,2014,7.45
North Carolina,Guilford,2015,7.31
North Carolina,Guilford,2016,7.12
North Carolina,Guilford,2017,7.36
North Carolina,Guilford,2018,7.05
North Carolina,Guilford,2019,7.08
North Carolina,Guilford,2020,6.65
North Carolina,Guilford,2021,6.69
North Carolina,Guilford,2022,6.42
North Carolina,Guilford,2023,6.76
North Carolina,Guilford,2024,7.12
North Carolina,Halifax,2005,6.25
North Carolina,Halifax,2006,6.26
North Carolina,Halifax,2007,5.73
North Carolina,Halifax,2008,5.29
North Carolina,Halifax,2009,5.74
North Carolina,Halifax,2010,5.73
North Carolina,Halifax,2011,5.95
North Carolina,Halifax,2012,5.73
North Carolina,Halifax,2013,5.93
North Carolina,Halifax,2014,6.53
North Carolina,Halifax,2015,6.09
North Carolina,Halifax,2016,5.93
North Carolina,Halifax,2017,6.26
North Carolina,Halifax,2018,5.91
North Carolina,Halifax,2019,5.84
North Carolina,Halifax,2020,6.12
North Carolina,Halifax,2021,5.94
North Carolina,Halifax,2022,5.8
North Carolina,Halifax,2023,5.58
North Carolina,Halifax,2024,5.52
North Carolina,Harnett,2005,4.22
North Carolina,Harnett,2006,4.38
North Carolina,Harnett,2007,4.05
North Carolina,Harnett,2008,4.46
North Carolina,Harnett,2009,4.51
North Carolina,Harnett,2010,4.56
North Carolina,Harnett,2011,4.62
North Carolina,Harnett,2012,4.34
North Carolina,Harnett,2013,4.29
North Carolina,Harnett,2014,4.58
North Carolina,Harnett,2015,4.44
North Carolina,Harnett,2016,4.28
North Carolina,Harnett,2017,4.61
North Carolina,Harnett,2018,4.93
North Carolina,Harnett,2019,4.9
North Carolina,Harnett,2020,4.72
North Carolina,Harnett,2021,4.89
North Carolina,Harnett,2022,5.12
North Carolina,Harnett,2023,5.13
North Carolina,Harnett,2024,5.14
North Carolina,Haywood,2005,4.89
North Carolina,Haywood,2006,4.58
North Carolina,Haywood,2007,4.43
North Carolina,Haywood,2008,4.31
North Carolina,Haywood,2009,4.32
North Carolina,Haywood,2010,4.17
North Carolina,Haywood,2011,4.45
North Carolina,Haywood,2012,4.82
North Carolina,Haywood,2013,4.97
North Carolina,Haywood,2014,5.22
North Carolina,Haywood,2015,4.99
North Carolina,Haywood,2016,4.62
North Carolina,Haywood,2017,4.95
North Carolina,Haywood,2018,5.37
North Carolina,Haywood,2019,5.38
North Carolina,Haywood,2020,5.06
North Carolina,Haywood,2021,4.98
North Carolina,Haywood,2022,5.08
North Carolina,Haywood,2023,4.84
North Carolina,Haywood,2024,5.33
North Carolina,Henderson,2005,6.92
North Carolina,Henderson,2006,7.01
North Carolina,Henderson,2007,6.88
North Carolina,Henderson,2008,7.09
North Carolina,Henderson,2009,7.46
North Carolina,Henderson,2010,7.42
North Carolina,Henderson,2011,7.41
North Carolina,Henderson,2012,7.72
North Carolina,Henderson,2013,7.82
North Carolina,Henderson,2014,7.03
North Carolina,Henderson,2015,6.94
North Carolina,Henderson,2016,7.49
North Carolina,Henderson,2017,7.29
North Carolina,Henderson,2018,7.17
North Carolina,Henderson,2019,7.01
North Carolina,Henderson,2020,7.06
North Carolina,Henderson,2021,8.07
North Carolina,Henderson,2022,8.18
North Carolina,Henderson,2023,8.53
North Carolina,Henderson,2024,8.42
North Carolina,Hertford,2005,4.68
North Carolina,Hertford,2006,4.63
North Carolina,Hertford,2007,4.43
North Carolina,Hertford,2008,4.32
North Carolina,Hertford,2009,4.76
North Carolina,Hertford,2010,5.13
North Carolina,Hertford,2011,5.61
North Carolina,Hertford,2012,5.47
North Carolina,Hertford,2013,5.23
North Carolina,Hertford,2014,5.09
North Carolina,Hertford,2015,5.51
North Carolina,Hertford,2016,5.22
North Carolina,Hertford,2017,5.45
North Carolina,Hertford,2018,6.06
North Carolina,Hertford,2019,6.3
North Carolina,Hertford,2020,6.78
North Carolina,Hertford,2021,6.55
North Carolina,Hertford,2022,5.96
North Carolina,Hertford,2023,6.17
North Carolina,Hertford,2024,6.49
North Carolina,Hoke,2005,4.59
North Carolina,Hoke,2006,4.69
North Carolina,Hoke,2007,4.49
North Carolina,Hoke,2008,4.26
North Carolina,Hoke,2009,4.07
North Carolina,Hoke,2010,3.65
North Carolina,Hoke,2011,3.46
North Carolina,Hoke,2012,3.28
North Carolina,Hoke,2013,3.41
North Carolina,Hoke,2014,3.09
North Carolina,Hoke,2015,2.72
North Carolina,Hoke,2016,3.3
North Carolina,Hoke,2017,3.16
North Carolina,Hoke,2018,3.22
North Carolina,Hoke,2019,3.07
North Carolina,Hoke,2020,3.19
North Carolina,Hoke,2021,3.16
North Carolina,Hoke,2022,3.29
North Carolina,Hoke,2023,3.46
North Carolina,Hoke,2024,3.88
North Carolina,Hyde,2005,4.26
North Carolina,Hyde,2006,3.85
North Carolina,Hyde,2007,3.54
North Carolina,Hyde,2008,3.32
North Carolina,Hyde,2009,3.07
North Carolina,Hyde,2010,3.54
North Carolina,Hyde,2011,3.98
North Carolina,Hyde,2012,3.88
North Carolina,Hyde,2013,3.64
North Carolina,Hyde,2014,3.15
North Carolina,Hyde,2015,3.07
North Carolina,Hyde,2016,2.5
North Carolina,Hyde,2017,2.5
North Carolina,Hyde,2018,2.66
North Carolina,Hyde,2019,2.95
North Carolina,Hyde,2020,3.38
North Carolina,Hyde,2021,3.14
North Carolina,Hyde,2022,3.32
North Carolina,Hyde,2023,3.67
North Carolina,Hyde,2024,3.69
North Carolina,Iredell,2005,4.22
North Carolina,Iredell,2006,4.42
North Carolina,Iredell,2007,4.4
North Carolina,Iredell,2008,4.91
North Carolina,Iredell,2009,5.3
North Carolina,Iredell,2010,5.54
North Carolina,Iredell,2011,5.66
North Carolina,Iredell,2012,5.65
North Carolina,Iredell,2013,5.52
North Carolina,Iredell,2014,5.68
North Carolina,Iredell,2015,5.31
North Carolina,Iredell,2016,4.97
North Carolina,Iredell,2017,5.31
North Carolina,Iredell,2018,5.11
North Carolina,Iredell,2019,4.82
North Carolina,Iredell,2020,4.57
North Carolina,Iredell,2021,4.96
North Carolina,Iredell,2022,5.05
North Carolina,Iredell,2023,4.85
North Carolina,Iredell,2024,5.05
North Carolina,Jackson,2005,7.65
North Carolina,Jackson,2006,7.68
North Carolina,Jackson,2007,7.72
North Carolina,Jackson,2008,7.09
North Carolina,Jackson,2009,7.05
North Carolina,Jackson,2010,7.49
North Carolina,Jackson,2011,7.65
North Carolina,Jackson,2012,8.26
North Carolina,Jackson,2013,7.72
North Carolina,Jackson,2014,7.65
North Carolina,Jackson,2015,7.46
North Carolina,Jackson,2016,7.28
North Carolina,Jackson,2017,8.0
North Carolina,Jackson,2018,7.96
North Carolina,Jackson,2019,7.98
North Carolina,Jackson,2020,8.57
North Carolina,Jackson,2021,8.67
North Carolina,Jackson,2022,9.09
North Carolina,Jackson,2023,8.66
North Carolina,Jackson,2024,8.33
North Carolina,Johnston,2005,4.35
North Carolina,Johnston,2006,4.39
North Carolina,Johnston,2007,4.54
North Carolina,Johnston,2008,4.25
North Carolina,Johnston,2009,3.67
North Carolina,Johnston,2010,4.1
North Carolina,Johnston,2011,3.88
North Carolina,Johnston,2012,4.34
North Carolina,Johnston,2013,4.38
North Carolina,Johnston,2014,4.19
North Carolina,Johnston,2015,4.56
North Carolina,Johnston,2016,4.88
North Carolina,Johnston,2017,4.35
North Carolina,Johnston,2018,4.39
North Carolina,Johnston,2019,3.94
North Carolina,Johnston,2020,4.13
North Carolina,Johnston,2021,4.12
North Carolina,Johnston,2022,4.31
North Carolina,Johnston,2023,4.21
North Carolina,Johnston,2024,4.44
North Carolina,Jones,2005,6.88
North Carolina,Jones,2006,7.08
North Carolina,Jones,2007,7.74
North Carolina,Jones,2008,7.24
North Carolina,Jones,2009,6.79
North Carolina,Jones,2010,7.22
North Carolina,Jones,2011,7.21
North Carolina,Jones,2012,7.25
North Carolina,Jones,2013,7.25
North Carolina,Jones,2014,6.99
North Carolina,Jones,2015,6.94
North Carolina,Jones,2016,7.2
North Carolina,Jones,2017,7.32
North Carolina,Jones,2018,7.69
North Carolina,Jones,2019,7.67
North Carolina,Jones,2020,8.11
North Carolina,Jones,2021,7.91
North Carolina,Jones,2022,7.83
North Carolina,Jones,2023,8.19
North Carolina,Jones,2024,8.31
North Carolina,Lee,2005,4.31
North Carolina,Lee,2006,3.77
North Carolina,Lee,2007,3.99
North Carolina,Lee,2008,3.89
North Carolina,Lee,2009,3.59
North Carolina,Lee,2010,3.67
North Carolina,Lee,2011,4.09
North Carolina,Lee,2012,4.19
North Carolina,Lee,2013,4.05
North Carolina,Lee,2014,4.34
North Carolina,Lee,2015,4.23
North Carolina,Lee,2016,4.23
North Carolina,Lee,2017,4.79
North Carolina,Lee,2018,4.9
North Carolina,Lee,2019,4.62
North Carolina,Lee,2020,4.26
North Carolina,Lee,2021,4.25
North Carolina,Lee,2022,3.89
North Carolina,Lee,2023,3.85
North Carolina,Lee,2024,4.0
North Carolina,Lenoir,2005,3.8
North Carolina,Lenoir,2006,3.67
North Carolina,Lenoir,2007,3.66
North Carolina,Lenoir,2008,3.05
North Carolina,Lenoir,2009,3.27
North Carolina,Lenoir,2010,3.18
North Carolina,Lenoir,2011,3.18
North Carolina,Lenoir,2012,2.72
North Carolina,Lenoir,2013,2.84
North Carolina,Lenoir,2014,2.81
North Carolina,Lenoir,2015,3.31
North Carolina,Lenoir,2016,3.53
North Carolina,Lenoir,2017,3.33
North Carolina,Lenoir,2018,3.32
North Carolina,Lenoir,2019,3.3
North Carolina,Lenoir,2020,3.39
North Carolina,Lenoir,2021,3.45
North Carolina,Lenoir,2022,3.62
North Carolina,Lenoir,2023,4.0
North Carolina,Lenoir,2024,4.17
North Carolina,Lincoln,2005,8.01
North Carolina,Lincoln,2006,8.13
North Carolina,Lincoln,2007,8.06
North Carolina,Lincoln,2008,8.24
North Carolina,Lincoln,2009,8.17
North Carolina,Lincoln,2010,8.11
North Carolina,Lincoln,2011,8.4
North Carolina,Lincoln,2012,8.47
North Carolina,Lincoln,2013,8.69
North Carolina,Lincoln,2014,8.95
North Carolina,Lincoln,2015,8.32
North Carolina,Lincoln,2016,8.14
North Carolina,Lincoln,2017,8.46
North Carolina,Lincoln,2018,8.87
North Carolina,Lincoln,2019,8.96
North Carolina,Lincoln,2020,8.82
North Carolina,Lincoln,2021,8.81
North Carolina,Lincoln,2022,8.38
North Carolina,Lincoln,2023,7.94
North Carolina,Lincoln,2024,7.32
North Carolina,McDowell,2005,5.34
North Carolina,McDowell,2006,5.04
North Carolina,McDowell,2007,4.73
North Carolina,McDowell,2008,4.61
North Carolina,McDowell,2009,4.9
North Carolina,McDowell,2010,4.96
North Carolina,McDowell,2011,5.05
North Carolina,McDowell,2012,5.12
North Carolina,McDowell,2013,4.99
North Carolina,McDowell,2014,5.32
North Carolina,McDowell,2015,5.53
North Carolina,McDowell,2016,5.74
North Carolina,McDowell,2017,5.82
North Carolina,McDowell,2018,5.49
North Carolina,McDowell,2019,5.63
North Carolina,McDowell,2020,6.01
North Carolina,McDowell,2021,6.07
North Carolina,McDowell,2022,5.98
North Carolina,McDowell,2023,6.18
North Carolina,McDowell,2024,5.92
North Carolina,Macon,2005,7.88
North Carolina,Macon,2006,7.96
North Carolina,Macon,2007,8.15
North Carolina,Macon,2008,8.16
North Carolina,Macon,2009,7.94
North Carolina,Macon,2010,8.2
North Carolina,Macon,2011,7.88
North Carolina,Macon,2012,7.52
North Carolina,Macon,2013,7.45
North Carolina,Macon,2014,7.6
North Carolina,Macon,2015,6.95
North Carolina,Macon,2016,7.13
North Carolina,Macon,2017,7.3
North Carolina,Macon,2018,7.57
North Carolina,Macon,2019,7.67
North Carolina,Macon,2020,7.52
North Carolina,Macon,2021,7.62
North Carolina,Macon,2022,7.16
North Carolina,Macon,2023,7.25
North Carolina,Macon,2024,7.15
North Carolina,Madison,2005,7.13
North Carolina,Madison,2006,7.27
North Carolina,Madison,2007,6.83
North Carolina,Madison,2008,6.5
North Carolina,Madison,2009,6.81
North Carolina,Madison,2010,6.51
North Carolina,Madison,2011,6.42
North Carolina,Madison,2012,6.25
North Carolina,Madison,2013,6.4
North Carolina,Madison,2014,6.76
North Carolina,Madison,2015,6.71
North Carolina,Madison,2016,6.75
North Carolina,Madison,2017,6.39
North Carolina,Madison,2018,6.63
North Carolina,Madison,2019,7.08
North Carolina,Madison,2020,7.33
North Carolina,Madison,2021,6.96
North Carolina,Madison,2022,6.8
North Carolina,Madison,2023,7.27
North Carolina,Madison,2024,7.04
North Carolina,Martin,2005,7.04
North Carolina,Martin,2006,7.09
North Carolina,Martin,2007,7.1
North Carolina,Martin,2008,6.91
North Carolina,Martin,2009,6.96
North Carolina,Martin,2010,7.1
North Carolina,Martin,2011,7.22
North Carolina,Martin,2012,7.61
North Carolina,Martin,2013,7.45
North Carolina,Martin,2014,7.22
North Carolina,Martin,2015,7.49
North Carolina,Martin,2016,7.02
North Carolina,Martin,2017,7.23
North Carolina,Martin,2018,7.15
North Carolina,Martin,2019,7.17
North Carolina,Martin,2020,7.44
North Carolina,Martin,2021,7.54
North Carolina,Martin,2022,7.93
North Carolina,Martin,2023,7.64
North Carolina,Martin,2024,7.49
North Carolina,Mecklenburg,2005,6.69
North Carolina,Mecklenburg,2006,6.57
North Carolina,Mecklenburg,2007,5.77
North Carolina,Mecklenburg,2008,5.85
North Carolina,Mecklenburg,2009,5.68
North Carolina,Mecklenburg,2010,5.99
North Carolina,Mecklenburg,2011,5.57
North Carolina,Mecklenburg,2012,5.16
North Carolina,Mecklenburg,2013,5.52
North Carolina,Mecklenburg,2014,5.77
North Carolina,Mecklenburg,2015,6.15
North Carolina,Mecklenburg,2016,6.34
North Carolina,Mecklenburg,2017,6.45
North Carolina,Mecklenburg,2018,6.43
North Carolina,Mecklenburg,2019,6.51
North Carolina,Mecklenburg,2020,6.64
North Carolina,Mecklenburg,2021,6.97
North Carolina,Mecklenburg,2022,6.75
North Carolina,Mecklenburg,2023,6.56
North Carolina,Mecklenburg,2024,5.94
North Carolina,Mitchell,2005,5.94
North Carolina,Mitchell,2006,5.75
North Carolina,Mitchell,2007,5.82
North Carolina,Mitchell,2008,6.09
North Carolina,Mitchell,2009,6.4
North Carolina,Mitchell,2010,6.61
North Carolina,Mitchell,2011,6.46
North Carolina,Mitchell,2012,6.54
North Carolina,Mitchell,2013,6.45
North Carolina,Mitchell,2014,6.66
North Carolina,Mitchell,2015,6.72
North Carolina,Mitchell,2016,6.68
North Carolina,Mitchell,2017,6.96
North Carolina,Mitchell,2018,6.08
North Carolina,Mitchell,2019,6.01
North Carolina,Mitchell,2020,6.0
North Carolina,Mitchell,2021,5.85
North Carolina,Mitchell,2022,6.15
North Carolina,Mitchell,2023,5.82
North Carolina,Mitchell,2024,5.14
North Carolina,Montgomery,2005,5.42
North Carolina,Montgomery,2006,5.55
North Carolina,Montgomery,2007,5.82
North Carolina,Montgomery,2008,5.6
North Carolina,Montgomery,2009,5.56
North Carolina,Montgomery,2010,5.25
North Carolina,Montgomery,2011,5.75
North Carolina,Montgomery,2012,5.59
North Carolina,Montgomery,2013,5.64
North Carolina,Montgomery,2014,6.06
North Carolina,Montgomery,2015,5.88
North Carolina,Montgomery,2016,5.74
North Carolina,Montgomery,2017,5.34
North Carolina,Montgomery,2018,5.24
North Carolina,Montgomery,2019,5.35
North Carolina,Montgomery,2020,5.3
North Carolina,Montgomery,2021,5.17
North Carolina,Montgomery,2022,5.47
North Carolina,Montgomery,2023,5.36
North Carolina,Montgomery,2024,4.93
North Carolina,Moore,2005,3.82
North Carolina,Moore,2006,3.95
North Carolina,Moore,2007,3.77
North Carolina,Moore,2008,3.55
North Carolina,Moore,2009,3.44
North Carolina,Moore,2010,3.9
North Carolina,Moore,2011,4.15
North Carolina,Moore,2012,4.48
North Carolina,Moore,2013,4.06
North Carolina,Moore,2014,3.91
North Carolina,Moore,2015,3.38
North Carolina,Moore,2016,3.0
North Carolina,Moore,2017,3.21
North Carolina,Moore,2018,3.17
North Carolina,Moore,2019,3.74
North Carolina,Moore,2020,3.95
North Carolina,Moore,2021,3.82
North Carolina,Moore,2022,3.68
North Carolina,Moore,2023,3.91
North Carolina,Moore,2024,3.98
North Carolina,Nash,2005,5.74
North Carolina,Nash,2006,6.03
North Carolina,Nash,2007,6.25
North Carolina,Nash,2008,6.25
North Carolina,Nash,2009,6.35
North Carolina,Nash,2010,6.21
North Carolina,Nash,2011,6.06
North Carolina,Nash,2012,5.93
North Carolina,Nash,2013,5.96
North Carolina,Nash,2014,6.29
North Carolina,Nash,2015,6.54
North Carolina,Nash,2016,6.1
North Carolina,Nash,2017,5.89
North Carolina,Nash,2018,5.78
North Carolina,Nash,2019,5.6
North Carolina,Nash,2020,5.39
North Carolina,Nash,2021,5.25
North Carolina,Nash,2022,5.43
North Carolina,Nash,2023,5.16
North Carolina,Nash,2024,5.45
North Carolina,New Hanover,2005,6.87
North Carolina,New Hanover,2006,6.98
North Carolina,New Hanover,2007,6.82
North Carolina,New Hanover,2008,6.79
North Carolina,New Hanover,2009,6.83
North Carolina,New Hanover,2010,6.93
North Carolina,New Hanover,2011,7.06
North Carolina,New Hanover,2012,6.89
North Carolina,New Hanover,2013,6.55
North Carolina,New Hanover,2014,6.44
North Carolina,New Hanover,2015,6.47
North Carolina,New Hanover,2016,6.46
North Carolina,New Hanover,2017,6.21
North Carolina,New Hanover,2018,6.43
North Carolina,New Hanover,2019,6.19
North Carolina,New Hanover,2020,6.3
North Carolina,New Hanover,2021,5.7
North Carolina,New Hanover,2022,6.09
North Carolina,New Hanover,2023,6.09
North Carolina,New Hanover,2024,5.87
North Carolina,Northampton,2005,7.07
North Carolina,Northampton,2006,7.71
North Carolina,Northampton,2007,7.86
North Carolina,Northampton,2008,7.51
North Carolina,Northampton,2009,7.46
North Carolina,Northampton,2010,7.52
North Carolina,Northampton,2011,7.52
North Carolina,Northampton,2012,7.18
North Carolina,Northampton,2013,7.33
North Carolina,Northampton,2014,7.36
North Carolina,Northampton,2015,7.4
North Carolina,Northampton,2016,7.46
North Carolina,Northampton,2017,7.92
North Carolina,Northampton,2018,7.57
North Carolina,Northampton,2019,8.07
North Carolina,Northampton,2020,7.53
North Carolina,Northampton,2021,7.12
North Carolina,Northampton,2022,7.04
North Carolina,Northampton,2023,7.09
North Carolina,Northampton,2024,7.06
North Carolina,Onslow,2005,5.51
North Carolina,Onslow,2006,5.52
North Carolina,Onslow,2007,5.4
North Carolina,Onslow,2008,5.26
North Carolina,Onslow,2009,5.54
North Carolina,Onslow,2010,5.92
North Carolina,Onslow,2011,5.86
North Carolina,Onslow,2012,5.5
North Carolina,Onslow,2013,5.67
North Carolina,Onslow,2014,5.5
North Carolina,Onslow,2015,5.5
North Carolina,Onslow,2016,5.43
North Carolina,Onslow,2017,5.71
North Carolina,Onslow,2018,5.95
North Carolina,Onslow,2019,6.0
North Carolina,Onslow,2020,5.72
North Carolina,Onslow,2021,5.98
North Carolina,Onslow,2022,6.32
North Carolina,Onslow,2023,6.7
North Carolina,Onslow,2024,6.54
North Carolina,Orange,2005,3.92
North Carolina,Orange,2006,4.21
North Carolina,Orange,2007,3.99
North Carolina,Orange,2008,4.48
North Carolina,Orange,2009,4.07
North Carolina,Orange,2010,3.6
North Carolina,Orange,2011,3.38
North Carolina,Orange,2012,3.53
North Carolina,Orange,2013,3.79
North Carolina,Orange,2014,3.99
North Carolina,Orange,2015,3.96
North Carolina,Orange,2016,3.79
North Carolina,Orange,2017,4.2
North Carolina,Orange,2018,4.05
North Carolina,Orange,2019,4.42
North Carolina,Orange,2020,4.6
North Carolina,Orange,2021,4.64
North Carolina,Orange,2022,4.94
North Carolina,Orange,2023,4.69
North Carolina,Orange,2024,4.8
North Carolina,Pamlico,2005,7.24
North Carolina,Pamlico,2006,6.72
North Carolina,Pamlico,2007,6.78
North Carolina,Pamlico,2008,6.4
North Carolina,Pamlico,2009,5.54
North Carolina,Pamlico,2010,5.39
North Carolina,Pamlico,2011,5.21
North Carolina,Pamlico,2012,5.54
North Carolina,Pamlico,2013,5.41
North Carolina,Pamlico,2014,4.91
North Carolina,Pamlico,2015,4.94
North Carolina,Pamlico,2016,5.03
North Carolina,Pamlico,2017,4.98
North Carolina,Pamlico,2018,5.04
North Carolina,Pamlico,2019,5.29
North Carolina,Pamlico,2020,5.9
North Carolina,Pamlico,2021,5.83
North Carolina,Pamlico,2022,5.59
North Carolina,Pamlico,2023,6.32
North Carolina,Pamlico,2024,6.55
North Carolina,Pasquotank,2005,6.53
North Carolina,Pasquotank,2006,6.54
North Carolina,Pasquotank,2007,6.23
North Carolina,Pasquotank,2008,6.22
North Carolina,Pasquotank,2009,6.8
North Carolina,Pasquotank,2010,6.56
North Carolina,Pasquotank,2011,6.71
North Carolina,Pasquotank,2012,6.85
North Carolina,Pasquotank,2013,6.46
North Carolina,Pasquotank,2014,6.5
North Carolina,Pasquotank,2015,6.18
North Carolina,Pasquotank,2016,6.2
North Carolina,Pasquotank,2017,6.2
North Carolina,Pasquotank,2018,6.33
North Carolina,Pasquotank,2019,5.9
North Carolina,Pasquotank,2020,5.82
North Carolina,Pasquotank,2021,6.01
North Carolina,Pasquotank,2022,5.91
North Carolina,Pasquotank,2023,5.64
North Carolina,Pasquotank,2024,5.91
North Carolina,Pender,2005,6.24
North Carolina,Pender,2006,6.83
North Carolina,Pender,2007,6.78
North Carolina,Pender,2008,6.63
North Carolina,Pender,2009,6.63
North Carolina,Pender,2010,6.59
North Carolina,Pender,2011,6.63
North Carolina,Pender,2012,6.41
North Carolina,Pender,2013,6.31
North Carolina,Pender,2014,6.36
North Carolina,Pender,2015,6.79
North Carolina,Pender,2016,6.49
North Carolina,Pender,2017,7.19
North Carolina,Pender,2018,7.06
North Carolina,Pender,2019,7.15
North Carolina,Pender,2020,6.61
North Carolina,Pender,2021,6.8
North Carolina,Pender,2022,6.37
North Carolina,Pender,2023,6.63
North Carolina,Pender,2024,6.09
North Carolina,Perquimans,2005,5.86
North Carolina,Perquimans,2006,6.19
North Carolina,Perquimans,2007,6.47
North Carolina,Perquimans,2008,6.61
North Carolina,Perquimans,2009,6.66
North Carolina,Perquimans,2010,6.62
North Carolina,Perquimans,2011,6.76
North Carolina,Perquimans,2012,6.48
North Carolina,Perquimans,2013,6.25
North Carolina,Perquimans,2014,5.91
North Carolina,Perquimans,2015,6.19
North Carolina,Perquimans,2016,6.45
North Carolina,Perquimans,2017,6.47
North Carolina,Perquimans,2018,5.81
North Carolina,Perquimans,2019,5.84
North Carolina,Perquimans,2020,6.08
North Carolina,Perquimans,2021,5.46
North Carolina,Perquimans,2022,5.52
North Carolina,Perquimans,2023,4.75
North Carolina,Perquimans,2024,4.42
North Carolina,Person,2005,6.61
North Carolina,Person,2006,6.34
North Carolina,Person,2007,6.34
North Carolina,Person,2008,6.57
North Carolina,Person,2009,6.72
North Carolina,Person,2010,7.21
North Carolina,Person,2011,7.52
North Carolina,Person,2012,7.56
North Carolina,Person,2013,7.68
North Carolina,Person,2014,7.09
North Carolina,Person,2015,7.28
North Carolina,Person,2016,7.06
North Carolina,Person,2017,7.57
North Carolina,Person,2018,7.71
North Carolina,Person,2019,7.63
North Carolina,Person,2020,7.38
North Carolina,Person,2021,6.81
North Carolina,Person,2022,6.32
North Carolina,Person,2023,6.97
North Carolina,Person,2024,6.66
North Carolina,Pitt,2005,6.23
North Carolina,Pitt,2006,6.33
North Carolina,Pitt,2007,6.04
North Carolina,Pitt,2008,5.9
North Carolina,Pitt,2009,6.22
North Carolina,Pitt,2010,6.48
North Carolina,Pitt,2011,6.8
North Carolina,Pitt,2012,6.55
North Carolina,Pitt,2013,6.98
North Carolina,Pitt,2014,6.78
North Carolina,Pitt,2015,6.81
North Carolina,Pitt,2016,6.78
North Carolina,Pitt,2017,7.3
North Carolina,Pitt,2018,6.48
North Carolina,Pitt,2019,6.44
North Carolina,Pitt,2020,6.74
North Carolina,Pitt,2021,6.73
North Carolina,Pitt,2022,6.8
North Carolina,Pitt,2023,6.89
North Carolina,Pitt,2024,6.64
North Carolina,Polk,2005,4.3
North Carolina,Polk,2006,4.36
North Carolina,Polk,2007,4.08
North Carolina,Polk,2008,3.94
North Carolina,Polk,2009,3.83
North Carolina,Polk,2010,4.31
North Carolina,Polk,2011,4.64
North Carolina,Polk,2012,5.05
North Carolina,Polk,2013,4.7
North Carolina,Polk,2014,5.03
North Carolina,Polk,2015,5.46
North Carolina,Polk,2016,5.4
North Carolina,Polk,2017,5.96
North Carolina,Polk,2018,5.82
North Carolina,Polk,2019,5.82
North Carolina,Polk,2020,6.02
North Carolina,Polk,2021,5.46
North Carolina,Polk,2022,5.16
North Carolina,Polk,2023,4.45
North Carolina,Polk,2024,4.54
North Carolina,Randolph,2005,4.36
North Carolina,Randolph,2006,4.44
North Carolina,Randolph,2007,4.46
North Carolina,Randolph,2008,4.83
North Carolina,Randolph,2009,4.96
North Carolina,Randolph,2010,4.65
North Carolina,Randolph,2011,4.78
North Carolina,Randolph,2012,4.86
North Carolina,Randolph,2013,5.17
North Carolina,Randolph,2014,5.23
North Carolina,Randolph,2015,5.65
North Carolina,Randolph,2016,5.14
North Carolina,Randolph,2017,4.82
North Carolina,Randolph,2018,4.96
North Carolina,Randolph,2019,4.33
North Carolina,Randolph,2020,4.28
North Carolina,Randolph,2021,4.16
North Carolina,Randolph,2022,4.32
North Carolina,Randolph,2023,4.56
North Carolina,Randolph,2024,5.13
North Carolina,Richmond,2005,5.17
North Carolina,Richmond,2006,4.8
North Carolina,Richmond,2007,4.41
North Carolina,Richmond,2008,4.17
North Carolina,Richmond,2009,4.41
North Carolina,Richmond,2010,4.32
North Carolina,Richmond,2011,3.91
North Carolina,Richmond,2012,3.97
North Carolina,Richmond,2013,3.95
North Carolina,Richmond,2014,3.64
North Carolina,Richmond,2015,3.65
North Carolina,Richmond,2016,3.72
North Carolina,Richmond,2017,3.51
North Carolina,Richmond,2018,3.53
North Carolina,Richmond,2019,3.66
North Carolina,Richmond,2020,3.28
North Carolina,Richmond,2021,3.64
North Carolina,Richmond,2022,3.51
North Carolina,Richmond,2023,3.84
North Carolina,Richmond,2024,4.11
North Carolina,Robeson,2005,4.42
North Carolina,Robeson,2006,4.22
North Carolina,Robeson,2007,3.91
North Carolina,Robeson,2008,4.38
North Carolina,Robeson,2009,4.22
North Carolina,Robeson,2010,4.44
North Carolina,Robeson,2011,4.59
North Carolina,Robeson,2012,3.78
North Carolina,Robeson,2013,3.52
North Carolina,Robeson,2014,3.68
North Carolina,Robeson,2015,3.52
North Carolina,Robeson,2016,3.4
North Carolina,Robeson,2017,3.5
North Carolina,Robeson,2018,3.67
North Carolina,Robeson,2019,3.55
North Carolina,Robeson,2020,3.64
North Carolina,Robeson,2021,3.34
North Carolina,Robeson,2022,3.18
North Carolina,Robeson,2023,3.44
North Carolina,Robeson,2024,3.63
North Carolina,Rockingham,2005,3.72
North Carolina,Rockingham,2006,3.79
North Carolina,Rockingham,2007,4.02
North Carolina,Rockingham,2008,4.23
North Carolina,Rockingham,2009,4.17
North Carolina,Rockingham,2010,4.33
North Carolina,Rockingham,2011,4.09
North Carolina,Rockingham,2012,3.83
North Carolina,Rockingham,2013,3.64
North Carolina,Rockingham,2014,4.12
North Carolina,Rockingham,2015,3.71
North Carolina,Rockingham,2016,4.09
North Carolina,Rockingham,2017,4.14
North Carolina,Rockingham,2018,4.51
North Carolina,Rockingham,2019,4.24
North Carolina,Rockingham,2020,4.56
North Carolina,Rockingham,2021,4.93
North Carolina,Rockingham,2022,5.13
North Carolina,Rockingham,2023,5.22
North Carolina,Rockingham,2024,4.98
North Carolina,Rowan,2005,4.19
North Carolina,Rowan,2006,4.13
North Carolina,Rowan,2007,3.9
North Carolina,Rowan,2008,3.82
North Carolina,Rowan,2009,4.32
North Carolina,Rowan,2010,4.23
North Carolina,Rowan,2011,4.12
North Carolina,Rowan,2012,3.81
North Carolina,Rowan,2013,3.39
North Carolina,Rowan,2014,3.37
North Carolina,Rowan,2015,2.93
North Carolina,Rowan,2016,2.82
North Carolina,Rowan,2017,3.2
North Carolina,Rowan,2018,2.81
North Carolina,Rowan,2019,3.03
North Carolina,Rowan,2020,3.49
North Carolina,Rowan,2021,3.14
North Carolina,Rowan,2022,3.56
North Carolina,Rowan,2023,3.18
North Carolina,Rowan,2024,3.05
North Carolina,Rutherford,2005,3.95
North Carolina,Rutherford,2006,3.78
North Carolina,Rutherford,2007,3.88
North Carolina,Rutherford,2008,4.42
North Carolina,Rutherford,2009,4.59
North Carolina,Rutherford,2010,4.79
North Carolina,Rutherford,2011,4.61
North Carolina,Rutherford,2012,4.25
North Carolina,Rutherford,2013,4.05
North Carolina,Rutherford,2014,4.34
North Carolina,Rutherford,2015,4.4
North Carolina,Rutherford,2016,4.09
North Carolina,Rutherford,2017,3.36
North Carolina,Rutherford,2018,3.26
North Carolina,Rutherford,2019,3.2
North Carolina,Rutherford,2020,3.05
North Carolina,Rutherford,2021,2.89
North Carolina,Rutherford,2022,3.18
North Carolina,Rutherford,2023,2.97
North Carolina,Rutherford,2024,2.89
North Carolina,Sampson,2005,5.88
North Carolina,Sampson,2006,6.12
North Carolina,Sampson,2007,6.09
North Carolina,Sampson,2008,6.01
North Carolina,Sampson,2009,6.09
North Carolina,Sampson,2010,5.35
North Carolina,Sampson,2011,5.22
North Carolina,Sampson,2012,4.79
North Carolina,Sampson,2013,4.02
North Carolina,Sampson,2014,4.04
North Carolina,Sampson,2015,4.25
North Carolina,Sampson,2016,3.88
North Carolina,Sampson,2017,3.33
North Carolina,Sampson,2018,2.92
North Carolina,Sampson,2019,2.5
North Carolina,Sampson,2020,2.5
North Carolina,Sampson,2021,2.5
North Carolina,Sampson,2022,2.5
North Carolina,Sampson,2023,2.5
North Carolina,Sampson,2024,2.5
North Carolina,Scotland,2005,6.4
North Carolina,Scotland,2006,6.83
North Carolina,Scotland,2007,6.54
North Carolina,Scotland,2008,6.89
North Carolina,Scotland,2009,7.3
North Carolina,Scotland,2010,6.51
North Carolina,Scotland,2011,6.46
North Carolina,Scotland,2012,6.46
North Carolina,Scotland,2013,6.4
North Carolina,Scotland,2014,6.23
North Carolina,Scotland,2015,6.58
North Carolina,Scotland,2016,6.73
North Carolina,Scotland,2017,6.73
North Carolina,Scotland,2018,6.76
North Carolina,Scotland,2019,6.29
North Carolina,Scotland,2020,6.37
North Carolina,Scotland,2021,6.34
North Carolina,Scotland,2022,5.96
North Carolina,Scotland,2023,5.81
North Carolina,Scotland,2024,5.66
North Carolina,Stanly,2005,5.91
North Carolina,Stanly,2006,5.78
North Carolina,Stanly,2007,5.78
North Carolina,Stanly,2008,6.04
North Carolina,Stanly,2009,5.3
North Carolina,Stanly,2010,5.33
North Carolina,Stanly,2011,5.39
North Carolina,Stanly,2012,5.66
North Carolina,Stanly,2013,5.81
North Carolina,Stanly,2014,5.9
North Carolina,Stanly,2015,6.11
North Carolina,Stanly,2016,5.66
North Carolina,Stanly,2017,5.63
North Carolina,Stanly,2018,5.71
North Carolina,Stanly,2019,6.05
North Carolina,Stanly,2020,6.39
North Carolina,Stanly,2021,6.02
North Carolina,Stanly,2022,6.24
North Carolina,Stanly,2023,6.26
North Carolina,Stanly,2024,5.98
North Carolina,Stokes,2005,7.0
North Carolina,Stokes,2006,7.55
North Carolina,Stokes,2007,6.63
North Carolina,Stokes,2008,6.31
North Carolina,Stokes,2009,6.23
North Carolina,Stokes,2010,6.09
North Carolina,Stokes,2011,6.43
North Carolina,Stokes,2012,6.52
North Carolina,Stokes,2013,6.49
North Carolina,Stokes,2014,6.61
North Carolina,Stokes,2015,7.19
North Carolina,Stokes,2016,6.82
North Carolina,Stokes,2017,6.51
North Carolina,Stokes,2018,6.81
North Carolina,Stokes,2019,7.01
North Carolina,Stokes,2020,6.89
North Carolina,Stokes,2021,6.89
North Carolina,Stokes,2022,7.47
North Carolina,Stokes,2023,7.94
North Carolina,Stokes,2024,8.18
North Carolina,Surry,2005,3.32
North Carolina,Surry,2006,3.1
North Carolina,Surry,2007,2.5
North Carolina,Surry,2008,2.5
North Carolina,Surry,2009,2.5
North Carolina,Surry,2010,2.5
North Carolina,Surry,2011,2.5
North Carolina,Surry,2012,2.5
North Carolina,Surry,2013,2.5
North Carolina,Surry,2014,2.5
North Carolina,Surry,2015,2.5
North Carolina,Surry,2016,2.5
North Carolina,Surry,2017,2.5
North Carolina,Surry,2018,2.5
North Carolina,Surry,2019,2.5
North Carolina,Surry,2020,2.5
North Carolina,Surry,2021,2.5
North Carolina,Surry,2022,2.5
North Carolina,Surry,2023,2.5
North Carolina,Surry,2024,2.5
North Carolina,Swain,2005,4.84
North Carolina,Swain,2006,5.06
North Carolina,Swain,2007,5.01
North Carolina,Swain,2008,4.93
North Carolina,Swain,2009,5.09
North Carolina,Swain,2010,4.87
North Carolina,Swain,2011,4.66
North Carolina,Swain,2012,4.61
North Carolina,Swain,2013,4.77
North Carolina,Swain,2014,4.51
North Carolina,Swain,2015,4.36
North Carolina,Swain,2016,4.67
North Carolina,Swain,2017,4.83
North Carolina,Swain,2018,4.25
North Carolina,Swain,2019,4.57
North Carolina,Swain,2020,4.7
North Carolina,Swain,2021,4.99
North Carolina,Swain,2022,4.96
North Carolina,Swain,2023,4.82
North Carolina,Swain,2024,5.02
North Carolina,Transylvania,2005,4.61
North Carolina,Transylvania,2006,4.8
North Carolina,Transylvania,2007,4.81
North Carolina,Transylvania,2008,4.2
North Carolina,Transylvania,2009,4.53
North Carolina,Transylvania,2010,4.73
North Carolina,Transylvania,2011,4.71
North Carolina,Transylvania,2012,4.11
North Carolina,Transylvania,2013,4.06
North Carolina,Transylvania,2014,4.41
North Carolina,Transylvania,2015,4.34
North Carolina,Transylvania,2016,4.65
North Carolina,Transylvania,2017,4.41
North Carolina,Transylvania,2018,4.32
North Carolina,Transylvania,2019,4.26
North Carolina,Transylvania,2020,4.27
North Carolina,Transylvania,2021,3.57
North Carolina,Transylvania,2022,3.36
North Carolina,Transylvania,2023,3.09
North Carolina,Transylvania,2024,3.12
North Carolina,Tyrrell,2005,6.68
North Carolina,Tyrrell,2006,6.66
North Carolina,Tyrrell,2007,6.55
North Carolina,Tyrrell,2008,7.18
North Carolina,Tyrrell,2009,7.16
North Carolina,Tyrrell,2010,7.72
North Carolina,Tyrrell,2011,7.74
North Carolina,Tyrrell,2012,7.98
North Carolina,Tyrrell,2013,7.61
North Carolina,Tyrrell,2014,7.62
North Carolina,Tyrrell,2015,7.71
North Carolina,Tyrrell,2016,7.95
North Carolina,Tyrrell,2017,7.92
North Carolina,Tyrrell,2018,7.35
North Carolina,Tyrrell,2019,7.21
North Carolina,Tyrrell,2020,7.48
North Carolina,Tyrrell,2021,7.37
North Carolina,Tyrrell,2022,7.34
North Carolina,Tyrrell,2023,7.3
North Carolina,Tyrrell,2024,7.49
North Carolina,Union,2005,6.93
North Carolina,Union,2006,7.06
North Carolina,Union,2007,6.91
North Carolina,Union,2008,7.07
North Carolina,Union,2009,6.53
North Carolina,Union,2010,7.18
North Carolina,Union,2011,7.14
North Carolina,Union,2012,6.84
North Carolina,Union,2013,6.78
North Carolina,Union,2014,6.46
North Carolina,Union,2015,6.39
North Carolina,Union,2016,6.4
North Carolina,Union,2017,6.64
North Carolina,Union,2018,6.65
North Carolina,Union,2019,6.38
North Carolina,Union,2020,6.24
North Carolina,Union,2021,6.56
North Carolina,Union,2022,6.51
North Carolina,Union,2023,6.28
North Carolina,Union,2024,6.25
North Carolina,Vance,2005,5.37
North Carolina,Vance,2006,5.59
North Carolina,Vance,2007,5.86
North Carolina,Vance,2008,5.62
North Carolina,Vance,2009,5.4
North Carolina,Vance,2010,5.63
North Carolina,Vance,2011,5.15
North Carolina,Vance,2012,6.17
North Carolina,Vance,2013,6.37
North Carolina,Vance,2014,6.48
North Carolina,Vance,2015,6.19
North Carolina,Vance,2016,5.89
North Carolina,Vance,2017,5.46
North Carolina,Vance,2018,5.67
North Carolina,Vance,2019,5.79
North Carolina,Vance,2020,6.13
North Carolina,Vance,2021,6.19
North Carolina,Vance,2022,6.69
North Carolina,Vance,2023,6.83
North Carolina,Vance,2024,7.04
North Carolina,Wake,2005,5.2
North Carolina,Wake,2006,5.54
North Carolina,Wake,2007,5.57
North Carolina,Wake,2008,5.13
North Carolina,Wake,2009,5.02
North Carolina,Wake,2010,5.53
North Carolina,Wake,2011,5.42
North Carolina,Wake,2012,5.02
North Carolina,Wake,2013,5.1
North Carolina,Wake,2014,5.09
North Carolina,Wake,2015,5.85
North Carolina,Wake,2016,5.43
North Carolina,Wake,2017,5.59
North Carolina,Wake,2018,5.57
North Carolina,Wake,2019,5.98
North Carolina,Wake,2020,5.91
North Carolina,Wake,2021,6.23
North Carolina,Wake,2022,6.51
North Carolina,Wake,2023,7.05
North Carolina,Wake,2024,7.55
North Carolina,Warren,2005,4.83
North Carolina,Warren,2006,4.8
North Carolina,Warren,2007,5.27
North Carolina,Warren,2008,5.52
North Carolina,Warren,2009,5.66
North Carolina,Warren,2010,5.41
North Carolina,Warren,2011,5.76
North Carolina,Warren,2012,5.65
North Carolina,Warren,2013,5.76
North Carolina,Warren,2014,5.78
North Carolina,Warren,2015,6.05
North Carolina,Warren,2016,6.11
North Carolina,Warren,2017,6.09
North Carolina,Warren,2018,6.47
North Carolina,Warren,2019,6.38
North Carolina,Warren,2020,6.12
North Carolina,Warren,2021,6.07
North Carolina,Warren,2022,5.54
North Carolina,Warren,2023,5.59
North Carolina,Warren,2024,5.31
North Carolina,Washington,2005,3.58
North Carolina,Washington,2006,3.38
North Carolina,Washington,2007,3.39
North Carolina,Washington,2008,3.82
North Carolina,Washington,2009,3.84
North Carolina,Washington,2010,3.83
North Carolina,Washington,2011,3.76
North Carolina,Washington,2012,4.01
North Carolina,Washington,2013,4.63
North Carolina,Washington,2014,4.78
North Carolina,Washington,2015,4.67
North Carolina,Washington,2016,4.49
North Carolina,Washington,2017,4.17
North Carolina,Washington,2018,4.57
North Carolina,Washington,2019,4.87
North Carolina,Washington,2020,4.76
North Carolina,Washington,2021,4.48
North Carolina,Washington,2022,4.88
North Carolina,Washington,2023,5.42
North Carolina,Washington,2024,5.38
North Carolina,Watauga,2005,3.88
North Carolina,Watauga,2006,3.86
North Carolina,Watauga,2007,3.91
North Carolina,Watauga,2008,4.08
North Carolina,Watauga,2009,4.28
North Carolina,Watauga,2010,4.19
North Carolina,Watauga,2011,4.45
North Carolina,Watauga,2012,4.36
North Carolina,Watauga,2013,4.45
North Carolina,Watauga,2014,3.94
North Carolina,Watauga,2015,4.38
North Carolina,Watauga,2016,4.41
North Carolina,Watauga,2017,4.44
North Carolina,Watauga,2018,4.34
North Carolina,Watauga,2019,3.84
North Carolina,Watauga,2020,3.98
North Carolina,Watauga,2021,3.54
North Carolina,Watauga,2022,3.38
North Carolina,Watauga,2023,2.99
North Carolina,Watauga,2024,2.5
North Carolina,Wayne,2005,4.41
North Carolina,Wayne,2006,4.54
North Carolina,Wayne,2007,4.39
North Carolina,Wayne,2008,4.09
North Carolina,Wayne,2009,4.3
North Carolina,Wayne,2010,4.4
North Carolina,Wayne,2011,4.79
North Carolina,Wayne,2012,4.43
North Carolina,Wayne,2013,4.3
North Carolina,Wayne,2014,4.54
North Carolina,Wayne,2015,4.48
North Carolina,Wayne,2016,4.25
North Carolina,Wayne,2017,3.83
North Carolina,Wayne,2018,4.3
North Carolina,Wayne,2019,4.36
North Carolina,Wayne,2020,3.77
North Carolina,Wayne,2021,3.37
North Carolina,Wayne,2022,3.08
North Carolina,Wayne,2023,3.01
North Carolina,Wayne,2024,2.93
North Carolina,Wilkes,2005,5.47
North Carolina,Wilkes,2006,5.72
North Carolina,Wilkes,2007,5.8
North Carolina,Wilkes,2008,6.09
North Carolina,Wilkes,2009,6.03
North Carolina,Wilkes,2010,6.63
North Carolina,Wilkes,2011,6.07
North Carolina,Wilkes,2012,5.77
North Carolina,Wilkes,2013,5.55
North Carolina,Wilkes,2014,5.47
North Carolina,Wilkes,2015,5.6
North Carolina,Wilkes,2016,5.98
North Carolina,Wilkes,2017,5.65
North Carolina,Wilkes,2018,5.43
North Carolina,Wilkes,2019,5.2
North Carolina,Wilkes,2020,4.58
North Carolina,Wilkes,2021,4.53
North Carolina,Wilkes,2022,4.11
North Carolina,Wilkes,2023,4.23
North Carolina,Wilkes,2024,4.46
North Carolina,Wilson,2005,6.68
North Carolina,Wilson,2006,6.31
North Carolina,Wilson,2007,5.92
North Carolina,Wilson,2008,5.69
North Carolina,Wilson,2009,5.37
North Carolina,Wilson,2010,5.43
North Carolina,Wilson,2011,5.36
North Carolina,Wilson,2012,5.45
North Carolina,Wilson,2013,5.37
North Carolina,Wilson,2014,5.69
North Carolina,Wilson,2015,5.36
North Carolina,Wilson,2016,5.33
North Carolina,Wilson,2017,5.84
North Carolina,Wilson,2018,6.45
North Carolina,Wilson,2019,6.31
North Carolina,Wilson,2020,6.21
North Carolina,Wilson,2021,6.48
North Carolina,Wilson,2022,6.63
North Carolina,Wilson,2023,6.53
North Carolina,Wilson,2024,6.91
North Carolina,Yadkin,2005,8.43
North Carolina,Yadkin,2006,7.75
North Carolina,Yadkin,2007,8.19
North Carolina,Yadkin,2008,8.6
North Carolina,Yadkin,2009,8.04
North Carolina,Yadkin,2010,7.54
North Carolina,Yadkin,2011,7.42
North Carolina,Yadkin,2012,7.24
North Carolina,Yadkin,2013,7.15
North Carolina,Yadkin,2014,7.09
North Carolina,Yadkin,2015,7.37
North Carolina,Yadkin,2016,7.01
North Carolina,Yadkin,2017,6.76
North Carolina,Yadkin,2018,6.83
North Carolina,Yadkin,2019,6.51
North Carolina,Yadkin,2020,6.48
North Carolina,Yadkin,2021,6.99
North Carolina,Yadkin,2022,7.28
North Carolina,Yadkin,2023,7.31
North Carolina,Yadkin,2024,6.82
North Carolina,Yancey,2005,5.3
North Carolina,Yancey,2006,5.69
North Carolina,Yancey,2007,5.38
North Carolina,Yancey,2008,5.57
North Carolina,Yancey,2009,5.45
North Carolina,Yancey,2010,5.61
North Carolina,Yancey,2011,5.27
North Carolina,Yancey,2012,5.29
North Carolina,Yancey,2013,5.4
North Carolina,Yancey,2014,5.92
North Carolina,Yancey,2015,6.18
North Carolina,Yancey,2016,6.36
North Carolina,Yancey,2017,6.52
North Carolina,Yancey,2018,6.3
North Carolina,Yancey,2019,6.59
North Carolina,Yancey,2020,6.79
North Carolina,Yancey,2021,6.57
North Carolina,Yancey,2022,6.69
North Carolina,Yancey,2023,6.28
North Carolina,Yancey,2024,5.72
